Data,IPCA - inflação acumulada para os próximos 12 meses - variação % - Média - Período de 27/07/2000 a 26/07/2002
07/11/2001,5.52
08/11/2001,5.67
09/11/2001,5.39
12/11/2001,5.40
13/11/2001,5.43
14/11/2001,5.49
16/11/2001,5.44
19/11/2001,5.43
20/11/2001,5.43
21/11/2001,5.44
22/11/2001,5.44
23/11/2001,5.45
26/11/2001,5.46
27/11/2001,5.50
28/11/2001,5.51
29/11/2001,5.54
30/11/2001,5.57
03/12/2001,5.56
04/12/2001,5.56
05/12/2001,5.57
06/12/2001,5.57
07/12/2001,5.59
10/12/2001,5.59
11/12/2001,5.56
12/12/2001,5.16
13/12/2001,5.16
14/12/2001,5.12
17/12/2001,5.12
18/12/2001,5.09
19/12/2001,5.11
20/12/2001,5.04
21/12/2001,5.01
24/12/2001,5.00
26/12/2001,4.98
27/12/2001,4.94
28/12/2001,4.85
31/12/2001,4.84
02/01/2002,4.81
03/01/2002,4.80
04/01/2002,4.76
07/01/2002,4.74
08/01/2002,4.76
09/01/2002,4.74
10/01/2002,4.75
11/01/2002,4.72
14/01/2002,4.72
15/01/2002,4.73
16/01/2002,4.73
17/01/2002,4.73
18/01/2002,4.75
21/01/2002,4.74
22/01/2002,4.75
23/01/2002,4.75
24/01/2002,4.75
25/01/2002,4.76
28/01/2002,4.79
29/01/2002,4.76
30/01/2002,4.76
31/01/2002,4.76
01/02/2002,4.77
04/02/2002,4.76
05/02/2002,4.77
06/02/2002,4.76
07/02/2002,4.77
08/02/2002,4.68
11/02/2002,4.66
13/02/2002,4.66
14/02/2002,4.65
15/02/2002,4.65
18/02/2002,4.65
19/02/2002,4.64
20/02/2002,4.64
21/02/2002,4.65
22/02/2002,4.67
25/02/2002,4.67
26/02/2002,4.66
27/02/2002,4.68
28/02/2002,4.70
01/03/2002,4.72
04/03/2002,4.72
05/03/2002,4.75
06/03/2002,4.76
07/03/2002,4.78
08/03/2002,4.78
11/03/2002,4.78
12/03/2002,4.71
13/03/2002,4.73
14/03/2002,4.79
15/03/2002,4.82
18/03/2002,4.82
19/03/2002,4.81
20/03/2002,4.81
21/03/2002,4.81
22/03/2002,4.85
25/03/2002,4.91
26/03/2002,4.93
27/03/2002,4.95
28/03/2002,4.94
01/04/2002,4.97
02/04/2002,4.98
03/04/2002,4.99
04/04/2002,5.07
05/04/2002,5.10
08/04/2002,5.11
09/04/2002,5.09
10/04/2002,4.91
11/04/2002,4.89
12/04/2002,4.90
15/04/2002,4.92
16/04/2002,4.91
17/04/2002,4.87
18/04/2002,4.86
19/04/2002,4.86
22/04/2002,4.84
23/04/2002,4.85
24/04/2002,4.89
25/04/2002,4.91
26/04/2002,4.91
29/04/2002,4.90
30/04/2002,4.90
02/05/2002,4.90
03/05/2002,4.90
06/05/2002,4.89
07/05/2002,4.90
08/05/2002,4.90
09/05/2002,4.90
10/05/2002,4.37
13/05/2002,4.38
14/05/2002,4.38
15/05/2002,4.40
16/05/2002,4.39
17/05/2002,4.41
20/05/2002,4.41
21/05/2002,4.40
22/05/2002,4.40
23/05/2002,4.39
24/05/2002,4.39
27/05/2002,4.38
28/05/2002,4.37
29/05/2002,4.38
31/05/2002,4.37
03/06/2002,4.37
04/06/2002,4.38
05/06/2002,4.39
06/06/2002,4.39
07/06/2002,4.39
10/06/2002,4.38
11/06/2002,4.37
12/06/2002,4.32
13/06/2002,4.33
14/06/2002,4.37
17/06/2002,4.40
18/06/2002,4.40
19/06/2002,4.41
20/06/2002,4.43
21/06/2002,4.45
24/06/2002,4.50
25/06/2002,4.55
26/06/2002,4.56
27/06/2002,4.59
28/06/2002,4.57
01/07/2002,4.64
02/07/2002,4.65
03/07/2002,4.70
04/07/2002,4.72
05/07/2002,4.76
08/07/2002,4.80
09/07/2002,4.82
10/07/2002,4.77
11/07/2002,4.81
12/07/2002,4.85
15/07/2002,4.89
16/07/2002,4.90
17/07/2002,4.91
18/07/2002,4.93
19/07/2002,4.95
22/07/2002,4.96
23/07/2002,4.97
24/07/2002,4.99
25/07/2002,5.01
26/07/2002,5.00
29/07/2002,5.02
30/07/2002,5.04
31/07/2002,5.08
01/08/2002,5.15
02/08/2002,5.15
05/08/2002,5.21
06/08/2002,5.25
07/08/2002,5.25
08/08/2002,5.29
09/08/2002,4.79
12/08/2002,4.86
13/08/2002,4.89
14/08/2002,4.91
15/08/2002,4.94
16/08/2002,4.97
19/08/2002,5.12
20/08/2002,5.18
21/08/2002,5.22
22/08/2002,5.22
23/08/2002,5.24
26/08/2002,5.28
27/08/2002,5.31
28/08/2002,5.37
29/08/2002,5.39
30/08/2002,5.40
02/09/2002,5.53
03/09/2002,5.54
04/09/2002,5.56
05/09/2002,5.59
06/09/2002,5.63
09/09/2002,5.70
10/09/2002,5.63
11/09/2002,5.63
12/09/2002,5.65
13/09/2002,5.70
16/09/2002,5.78
17/09/2002,5.78
18/09/2002,5.80
19/09/2002,5.84
20/09/2002,5.81
23/09/2002,5.87
24/09/2002,5.89
25/09/2002,5.92
26/09/2002,6.04
27/09/2002,6.27
30/09/2002,6.28
01/10/2002,6.36
02/10/2002,6.53
03/10/2002,6.53
04/10/2002,6.53
07/10/2002,6.59
08/10/2002,6.64
09/10/2002,6.55
10/10/2002,6.56
11/10/2002,6.66
14/10/2002,6.84
15/10/2002,6.91
16/10/2002,7.27
17/10/2002,7.66
18/10/2002,7.92
21/10/2002,7.95
22/10/2002,8.15
23/10/2002,8.22
24/10/2002,8.41
25/10/2002,8.64
28/10/2002,8.71
29/10/2002,8.73
30/10/2002,8.79
31/10/2002,8.94
01/11/2002,9.39
04/11/2002,9.74
05/11/2002,9.83
06/11/2002,9.91
07/11/2002,9.93
08/11/2002,10.13
11/11/2002,10.18
12/11/2002,10.03
13/11/2002,10.49
14/11/2002,10.78
18/11/2002,11.00
19/11/2002,11.08
20/11/2002,11.15
21/11/2002,11.23
22/11/2002,11.50
25/11/2002,11.76
26/11/2002,12.09
27/11/2002,12.12
28/11/2002,12.28
29/11/2002,12.47
02/12/2002,12.54
03/12/2002,12.68
04/12/2002,12.73
05/12/2002,12.90
06/12/2002,11.42
09/12/2002,11.62
10/12/2002,11.68
11/12/2002,11.74
12/12/2002,11.90
13/12/2002,12.10
16/12/2002,12.12
17/12/2002,12.17
18/12/2002,12.43
19/12/2002,12.75
20/12/2002,12.87
23/12/2002,12.91
24/12/2002,12.92
26/12/2002,12.98
27/12/2002,13.09
30/12/2002,13.20
31/12/2002,13.24
02/01/2003,13.27
03/01/2003,13.35
06/01/2003,13.48
07/01/2003,13.55
08/01/2003,13.52
09/01/2003,13.51
10/01/2003,11.85
13/01/2003,11.86
14/01/2003,11.78
15/01/2003,11.71
16/01/2003,11.73
17/01/2003,11.70
20/01/2003,11.78
21/01/2003,11.85
22/01/2003,11.80
23/01/2003,11.79
24/01/2003,11.80
27/01/2003,11.83
28/01/2003,11.81
29/01/2003,11.81
30/01/2003,11.72
31/01/2003,11.72
03/02/2003,11.73
04/02/2003,11.75
05/02/2003,11.78
06/02/2003,11.89
07/02/2003,11.94
10/02/2003,11.98
11/02/2003,11.98
12/02/2003,12.01
13/02/2003,10.76
14/02/2003,10.84
17/02/2003,10.97
18/02/2003,11.00
19/02/2003,11.01
20/02/2003,10.96
21/02/2003,11.00
24/02/2003,10.99
25/02/2003,11.02
26/02/2003,11.04
27/02/2003,11.05
28/02/2003,11.07
05/03/2003,11.13
06/03/2003,11.20
07/03/2003,11.21
10/03/2003,11.22
11/03/2003,11.24
12/03/2003,11.27
13/03/2003,11.18
14/03/2003,9.99
17/03/2003,9.94
18/03/2003,9.88
19/03/2003,9.83
20/03/2003,9.82
21/03/2003,9.85
24/03/2003,9.85
25/03/2003,9.90
26/03/2003,9.92
27/03/2003,9.91
28/03/2003,9.92
31/03/2003,9.90
01/04/2003,9.90
02/04/2003,9.90
03/04/2003,9.87
04/04/2003,9.86
07/04/2003,9.79
08/04/2003,9.80
09/04/2003,9.76
10/04/2003,9.33
11/04/2003,9.33
14/04/2003,9.32
15/04/2003,9.28
16/04/2003,9.31
17/04/2003,9.35
22/04/2003,9.34
23/04/2003,9.30
24/04/2003,9.24
25/04/2003,9.25
28/04/2003,9.28
29/04/2003,9.25
30/04/2003,9.18
02/05/2003,9.13
05/05/2003,9.14
06/05/2003,9.06
07/05/2003,9.05
08/05/2003,9.01
09/05/2003,8.98
12/05/2003,8.92
13/05/2003,8.33
14/05/2003,8.36
15/05/2003,8.32
16/05/2003,8.32
19/05/2003,8.33
20/05/2003,8.26
21/05/2003,8.25
22/05/2003,8.21
23/05/2003,8.22
26/05/2003,8.21
27/05/2003,8.20
28/05/2003,8.22
29/05/2003,8.23
30/05/2003,8.23
02/06/2003,8.19
03/06/2003,8.18
04/06/2003,8.12
05/06/2003,8.14
06/06/2003,8.14
09/06/2003,8.11
10/06/2003,8.06
11/06/2003,7.95
12/06/2003,7.87
13/06/2003,7.83
16/06/2003,7.79
17/06/2003,7.79
18/06/2003,7.77
20/06/2003,7.67
23/06/2003,7.50
24/06/2003,7.57
25/06/2003,7.42
26/06/2003,7.34
27/06/2003,7.21
30/06/2003,7.08
01/07/2003,7.03
02/07/2003,6.99
03/07/2003,6.94
04/07/2003,6.87
07/07/2003,6.83
08/07/2003,6.80
09/07/2003,7.26
10/07/2003,7.20
11/07/2003,7.18
14/07/2003,7.14
15/07/2003,7.06
16/07/2003,7.02
17/07/2003,6.91
18/07/2003,6.87
21/07/2003,6.86
22/07/2003,6.75
23/07/2003,6.66
24/07/2003,6.60
25/07/2003,6.49
28/07/2003,6.43
29/07/2003,6.42
30/07/2003,6.41
31/07/2003,6.39
01/08/2003,6.36
04/08/2003,6.31
05/08/2003,6.31
06/08/2003,6.31
07/08/2003,6.27
08/08/2003,6.81
11/08/2003,6.73
12/08/2003,6.72
13/08/2003,6.69
14/08/2003,6.63
15/08/2003,6.58
18/08/2003,6.53
19/08/2003,6.51
20/08/2003,6.43
21/08/2003,6.38
22/08/2003,6.39
25/08/2003,6.37
26/08/2003,6.37
27/08/2003,6.36
28/08/2003,6.36
29/08/2003,6.32
01/09/2003,6.30
02/09/2003,6.28
03/09/2003,6.28
04/09/2003,6.27
05/09/2003,6.24
08/09/2003,6.24
09/09/2003,6.43
10/09/2003,6.43
11/09/2003,6.44
12/09/2003,6.47
15/09/2003,6.48
16/09/2003,6.48
17/09/2003,6.50
18/09/2003,6.49
19/09/2003,6.50
22/09/2003,6.50
23/09/2003,6.50
24/09/2003,6.49
25/09/2003,6.50
26/09/2003,6.54
29/09/2003,6.56
30/09/2003,6.56
01/10/2003,6.56
02/10/2003,6.56
03/10/2003,6.58
06/10/2003,6.59
07/10/2003,6.62
08/10/2003,6.60
09/10/2003,6.29
10/10/2003,6.28
13/10/2003,6.26
14/10/2003,6.25
15/10/2003,6.26
16/10/2003,6.25
17/10/2003,6.25
20/10/2003,6.26
21/10/2003,6.16
22/10/2003,6.17
23/10/2003,6.17
24/10/2003,6.17
28/10/2003,6.17
29/10/2003,6.17
30/10/2003,6.15
31/10/2003,6.15
03/11/2003,6.13
04/11/2003,6.13
05/11/2003,6.13
06/11/2003,6.07
07/11/2003,6.06
10/11/2003,6.05
11/11/2003,6.02
12/11/2003,6.00
13/11/2003,6.00
14/11/2003,5.97
17/11/2003,5.96
18/11/2003,5.94
19/11/2003,5.93
20/11/2003,5.91
21/11/2003,5.88
24/11/2003,5.87
25/11/2003,5.86
26/11/2003,5.86
27/11/2003,5.85
28/11/2003,5.80
01/12/2003,5.78
02/12/2003,5.78
03/12/2003,5.77
04/12/2003,5.77
05/12/2003,5.84
08/12/2003,5.83
09/12/2003,5.82
10/12/2003,5.83
11/12/2003,5.83
12/12/2003,5.85
15/12/2003,5.83
16/12/2003,5.84
17/12/2003,5.85
18/12/2003,5.85
19/12/2003,5.85
22/12/2003,5.86
23/12/2003,5.87
26/12/2003,5.90
29/12/2003,5.90
30/12/2003,5.92
02/01/2004,5.92
05/01/2004,5.94
06/01/2004,5.94
07/01/2004,5.94
08/01/2004,5.93
09/01/2004,5.94
12/01/2004,5.92
14/01/2004,5.95
15/01/2004,5.96
16/01/2004,5.91
19/01/2004,5.93
20/01/2004,5.93
21/01/2004,5.93
22/01/2004,5.93
23/01/2004,5.94
26/01/2004,6.00
27/01/2004,5.98
28/01/2004,5.99
29/01/2004,5.99
30/01/2004,6.01
02/02/2004,6.01
03/02/2004,6.03
04/02/2004,6.04
05/02/2004,6.04
06/02/2004,6.04
09/02/2004,6.07
10/02/2004,6.06
11/02/2004,6.05
12/02/2004,6.06
13/02/2004,5.73
16/02/2004,5.76
17/02/2004,5.74
18/02/2004,5.72
19/02/2004,5.73
20/02/2004,5.72
25/02/2004,5.73
26/02/2004,5.73
27/02/2004,5.74
01/03/2004,5.74
02/03/2004,5.74
03/03/2004,5.75
04/03/2004,5.74
05/03/2004,5.74
08/03/2004,5.75
09/03/2004,5.74
10/03/2004,5.74
11/03/2004,5.45
12/03/2004,5.47
15/03/2004,5.48
16/03/2004,5.49
17/03/2004,5.49
18/03/2004,5.49
19/03/2004,5.49
22/03/2004,5.51
23/03/2004,5.52
24/03/2004,5.52
25/03/2004,5.53
26/03/2004,5.51
29/03/2004,5.51
30/03/2004,5.53
31/03/2004,5.54
01/04/2004,5.54
02/04/2004,5.55
05/04/2004,5.56
06/04/2004,5.56
07/04/2004,5.49
08/04/2004,5.48
12/04/2004,5.50
13/04/2004,5.51
14/04/2004,5.52
15/04/2004,5.53
16/04/2004,5.59
19/04/2004,5.59
20/04/2004,5.59
22/04/2004,5.60
23/04/2004,5.63
26/04/2004,5.62
27/04/2004,5.61
28/04/2004,5.60
29/04/2004,5.60
30/04/2004,5.60
03/05/2004,5.60
04/05/2004,5.60
05/05/2004,5.60
06/05/2004,5.59
07/05/2004,5.55
10/05/2004,5.59
11/05/2004,5.59
12/05/2004,5.64
13/05/2004,5.65
14/05/2004,5.67
17/05/2004,5.68
18/05/2004,5.68
19/05/2004,5.69
20/05/2004,5.77
21/05/2004,5.85
24/05/2004,5.88
25/05/2004,5.92
26/05/2004,5.92
27/05/2004,5.97
28/05/2004,5.99
31/05/2004,5.98
01/06/2004,6.02
02/06/2004,6.04
03/06/2004,6.07
04/06/2004,6.11
07/06/2004,6.12
08/06/2004,5.98
09/06/2004,6.05
11/06/2004,6.07
14/06/2004,6.10
15/06/2004,6.12
16/06/2004,6.12
17/06/2004,6.17
18/06/2004,6.22
21/06/2004,6.22
22/06/2004,6.25
23/06/2004,6.25
24/06/2004,6.28
25/06/2004,6.30
28/06/2004,6.30
29/06/2004,6.31
30/06/2004,6.33
01/07/2004,6.35
02/07/2004,6.43
05/07/2004,6.44
06/07/2004,6.46
07/07/2004,6.46
08/07/2004,6.48
09/07/2004,6.25
12/07/2004,6.26
13/07/2004,6.29
14/07/2004,6.29
15/07/2004,6.28
16/07/2004,6.26
19/07/2004,6.29
20/07/2004,6.29
21/07/2004,6.30
22/07/2004,6.32
23/07/2004,6.33
26/07/2004,6.33
27/07/2004,6.35
28/07/2004,6.36
29/07/2004,6.36
30/07/2004,6.36
02/08/2004,6.40
03/08/2004,6.39
04/08/2004,6.39
05/08/2004,6.43
06/08/2004,6.44
09/08/2004,6.42
10/08/2004,6.42
11/08/2004,6.19
12/08/2004,6.20
13/08/2004,6.19
16/08/2004,6.21
17/08/2004,6.21
18/08/2004,6.22
19/08/2004,6.22
20/08/2004,6.23
23/08/2004,6.25
24/08/2004,6.25
25/08/2004,6.27
26/08/2004,6.24
27/08/2004,6.25
30/08/2004,6.26
31/08/2004,6.27
01/09/2004,6.32
02/09/2004,6.32
03/09/2004,6.35
06/09/2004,6.36
08/09/2004,6.36
09/09/2004,6.37
10/09/2004,6.23
13/09/2004,6.26
14/09/2004,6.22
15/09/2004,6.22
16/09/2004,6.22
17/09/2004,6.24
20/09/2004,6.24
21/09/2004,6.26
22/09/2004,6.25
23/09/2004,6.26
24/09/2004,6.25
27/09/2004,6.25
28/09/2004,6.25
29/09/2004,6.24
30/09/2004,6.24
01/10/2004,6.25
04/10/2004,6.26
05/10/2004,6.23
06/10/2004,6.22
07/10/2004,6.22
08/10/2004,6.17
11/10/2004,6.22
13/10/2004,6.21
14/10/2004,6.17
15/10/2004,6.20
18/10/2004,6.20
19/10/2004,6.20
20/10/2004,6.19
21/10/2004,6.18
22/10/2004,6.22
25/10/2004,6.22
26/10/2004,6.22
27/10/2004,6.24
28/10/2004,6.22
29/10/2004,6.22
03/11/2004,6.21
04/11/2004,6.20
05/11/2004,6.20
08/11/2004,6.19
09/11/2004,6.19
10/11/2004,6.18
11/11/2004,6.19
12/11/2004,6.19
16/11/2004,6.20
17/11/2004,6.23
18/11/2004,6.24
19/11/2004,6.24
22/11/2004,6.25
23/11/2004,6.26
24/11/2004,6.26
25/11/2004,6.27
26/11/2004,6.30
29/11/2004,6.30
30/11/2004,6.30
01/12/2004,6.30
02/12/2004,6.31
03/12/2004,6.31
06/12/2004,6.31
07/12/2004,6.32
08/12/2004,6.07
09/12/2004,6.05
10/12/2004,6.06
13/12/2004,6.08
14/12/2004,6.08
15/12/2004,6.08
16/12/2004,6.08
17/12/2004,6.08
20/12/2004,6.08
21/12/2004,6.08
22/12/2004,6.07
23/12/2004,6.09
27/12/2004,6.09
28/12/2004,6.08
29/12/2004,6.08
30/12/2004,6.08
03/01/2005,6.08
04/01/2005,6.08
05/01/2005,6.07
06/01/2005,6.08
07/01/2005,6.09
10/01/2005,6.08
11/01/2005,6.09
12/01/2005,6.08
13/01/2005,6.07
14/01/2005,5.73
17/01/2005,5.73
18/01/2005,5.73
19/01/2005,5.73
20/01/2005,5.73
21/01/2005,5.74
24/01/2005,5.75
25/01/2005,5.75
26/01/2005,5.74
27/01/2005,5.74
28/01/2005,5.74
31/01/2005,5.74
01/02/2005,5.74
02/02/2005,5.74
03/02/2005,5.75
04/02/2005,5.75
09/02/2005,5.75
10/02/2005,5.74
11/02/2005,5.74
14/02/2005,5.63
15/02/2005,5.64
16/02/2005,5.65
17/02/2005,5.64
18/02/2005,5.63
21/02/2005,5.62
22/02/2005,5.61
23/02/2005,5.61
24/02/2005,5.59
25/02/2005,5.59
28/02/2005,5.61
01/03/2005,5.62
02/03/2005,5.63
03/03/2005,5.63
04/03/2005,5.66
07/03/2005,5.65
08/03/2005,5.65
09/03/2005,5.66
10/03/2005,5.67
11/03/2005,5.54
14/03/2005,5.55
15/03/2005,5.56
16/03/2005,5.55
17/03/2005,5.56
18/03/2005,5.58
21/03/2005,5.60
22/03/2005,5.61
23/03/2005,5.65
24/03/2005,5.63
28/03/2005,5.64
29/03/2005,5.63
30/03/2005,5.65
31/03/2005,5.67
01/04/2005,5.67
04/04/2005,5.69
05/04/2005,5.69
06/04/2005,5.74
07/04/2005,5.75
08/04/2005,5.55
11/04/2005,5.58
12/04/2005,5.59
13/04/2005,5.58
14/04/2005,5.59
15/04/2005,5.67
18/04/2005,5.69
19/04/2005,5.70
20/04/2005,5.72
22/04/2005,5.76
25/04/2005,5.79
26/04/2005,5.82
27/04/2005,5.82
28/04/2005,5.82
29/04/2005,5.87
02/05/2005,5.87
03/05/2005,5.87
04/05/2005,5.88
05/05/2005,5.88
06/05/2005,5.90
09/05/2005,5.91
10/05/2005,5.91
11/05/2005,5.49
12/05/2005,5.47
13/05/2005,5.47
16/05/2005,5.49
17/05/2005,5.49
18/05/2005,5.47
19/05/2005,5.48
20/05/2005,5.46
23/05/2005,5.45
24/05/2005,5.42
25/05/2005,5.40
27/05/2005,5.40
30/05/2005,5.40
31/05/2005,5.39
01/06/2005,5.38
02/06/2005,5.38
03/06/2005,5.36
06/06/2005,5.35
07/06/2005,5.35
08/06/2005,5.34
09/06/2005,5.34
10/06/2005,5.14
13/06/2005,5.12
14/06/2005,5.12
15/06/2005,5.10
16/06/2005,5.09
17/06/2005,5.07
20/06/2005,5.06
21/06/2005,5.03
22/06/2005,5.01
23/06/2005,4.98
24/06/2005,4.93
27/06/2005,4.91
28/06/2005,4.90
29/06/2005,4.87
30/06/2005,4.85
01/07/2005,4.81
04/07/2005,4.79
05/07/2005,4.81
06/07/2005,4.80
07/07/2005,4.80
08/07/2005,5.04
11/07/2005,5.05
12/07/2005,5.05
13/07/2005,5.05
14/07/2005,5.03
15/07/2005,5.01
18/07/2005,4.98
19/07/2005,4.97
20/07/2005,4.97
21/07/2005,4.91
22/07/2005,4.89
25/07/2005,4.88
26/07/2005,4.88
27/07/2005,4.88
28/07/2005,4.87
29/07/2005,4.86
01/08/2005,4.85
02/08/2005,4.85
03/08/2005,4.83
04/08/2005,4.82
05/08/2005,4.79
08/08/2005,4.77
09/08/2005,4.99
10/08/2005,4.95
11/08/2005,4.93
12/08/2005,4.91
15/08/2005,4.90
16/08/2005,4.89
17/08/2005,4.86
18/08/2005,4.82
19/08/2005,4.82
22/08/2005,4.80
23/08/2005,4.80
24/08/2005,4.76
25/08/2005,4.74
26/08/2005,4.74
29/08/2005,4.72
30/08/2005,4.72
31/08/2005,4.70
01/09/2005,4.69
02/09/2005,4.68
05/09/2005,4.65
06/09/2005,4.89
08/09/2005,4.84
09/09/2005,4.82
12/09/2005,4.80
13/09/2005,4.80
14/09/2005,4.79
15/09/2005,4.77
16/09/2005,4.77
19/09/2005,4.76
20/09/2005,4.77
21/09/2005,4.78
22/09/2005,4.78
23/09/2005,4.76
26/09/2005,4.77
27/09/2005,4.77
28/09/2005,4.76
29/09/2005,4.74
30/09/2005,4.74
03/10/2005,4.76
04/10/2005,4.76
05/10/2005,4.76
06/10/2005,4.72
07/10/2005,4.69
10/10/2005,4.69
11/10/2005,4.70
13/10/2005,4.70
14/10/2005,4.70
17/10/2005,4.70
18/10/2005,4.72
19/10/2005,4.72
20/10/2005,4.75
21/10/2005,4.73
24/10/2005,4.74
25/10/2005,4.71
26/10/2005,4.72
27/10/2005,4.72
28/10/2005,4.73
31/10/2005,4.73
01/11/2005,4.73
03/11/2005,4.73
04/11/2005,4.73
07/11/2005,4.75
08/11/2005,4.75
09/11/2005,4.75
10/11/2005,4.57
11/11/2005,4.58
14/11/2005,4.57
16/11/2005,4.57
17/11/2005,4.57
18/11/2005,4.58
21/11/2005,4.57
22/11/2005,4.56
23/11/2005,4.56
24/11/2005,4.56
25/11/2005,4.58
28/11/2005,4.59
29/11/2005,4.60
30/11/2005,4.61
01/12/2005,4.61
02/12/2005,4.62
05/12/2005,4.63
06/12/2005,4.63
07/12/2005,4.64
08/12/2005,4.63
09/12/2005,4.50
12/12/2005,4.48
13/12/2005,4.48
14/12/2005,4.48
15/12/2005,4.48
16/12/2005,4.47
19/12/2005,4.46
20/12/2005,4.46
21/12/2005,4.46
22/12/2005,4.46
23/12/2005,4.46
26/12/2005,4.46
27/12/2005,4.46
28/12/2005,4.45
29/12/2005,4.46
30/12/2005,4.46
02/01/2006,4.46
03/01/2006,4.47
04/01/2006,4.47
05/01/2006,4.47
06/01/2006,4.49
09/01/2006,4.49
10/01/2006,4.50
11/01/2006,4.50
12/01/2006,4.57
13/01/2006,4.61
16/01/2006,4.61
17/01/2006,4.61
18/01/2006,4.62
19/01/2006,4.62
20/01/2006,4.62
23/01/2006,4.62
24/01/2006,4.62
25/01/2006,4.62
26/01/2006,4.61
27/01/2006,4.62
30/01/2006,4.62
31/01/2006,4.62
01/02/2006,4.62
02/02/2006,4.63
03/02/2006,4.63
06/02/2006,4.63
07/02/2006,4.63
08/02/2006,4.62
09/02/2006,4.49
10/02/2006,4.48
13/02/2006,4.47
14/02/2006,4.47
15/02/2006,4.47
16/02/2006,4.46
17/02/2006,4.45
20/02/2006,4.44
21/02/2006,4.40
22/02/2006,4.40
23/02/2006,4.40
24/02/2006,4.40
01/03/2006,4.40
02/03/2006,4.40
03/03/2006,4.39
06/03/2006,4.39
07/03/2006,4.39
08/03/2006,4.39
09/03/2006,4.39
10/03/2006,4.33
13/03/2006,4.33
14/03/2006,4.34
15/03/2006,4.32
16/03/2006,4.33
17/03/2006,4.35
20/03/2006,4.35
21/03/2006,4.35
22/03/2006,4.35
23/03/2006,4.35
24/03/2006,4.34
27/03/2006,4.34
28/03/2006,4.33
29/03/2006,4.32
30/03/2006,4.32
31/03/2006,4.31
03/04/2006,4.31
04/04/2006,4.32
05/04/2006,4.31
06/04/2006,4.31
07/04/2006,4.16
10/04/2006,4.16
11/04/2006,4.15
12/04/2006,4.14
13/04/2006,4.13
17/04/2006,4.15
18/04/2006,4.15
19/04/2006,4.15
20/04/2006,4.15
24/04/2006,4.15
25/04/2006,4.11
26/04/2006,4.10
27/04/2006,4.09
28/04/2006,4.06
02/05/2006,4.05
03/05/2006,4.05
04/05/2006,4.04
05/05/2006,4.03
08/05/2006,4.04
09/05/2006,4.04
10/05/2006,4.11
11/05/2006,4.12
12/05/2006,4.11
15/05/2006,4.12
16/05/2006,4.12
17/05/2006,4.12
18/05/2006,4.12
19/05/2006,4.12
22/05/2006,4.11
23/05/2006,4.11
24/05/2006,4.12
25/05/2006,4.08
26/05/2006,4.10
29/05/2006,4.10
30/05/2006,4.09
31/05/2006,4.10
01/06/2006,4.10
02/06/2006,4.09
05/06/2006,4.09
06/06/2006,4.08
07/06/2006,4.08
08/06/2006,4.20
09/06/2006,4.20
12/06/2006,4.18
13/06/2006,4.16
14/06/2006,4.15
16/06/2006,4.15
19/06/2006,4.15
20/06/2006,4.11
21/06/2006,4.08
22/06/2006,4.05
23/06/2006,4.05
26/06/2006,4.02
27/06/2006,4.01
28/06/2006,3.99
29/06/2006,3.98
30/06/2006,3.98
03/07/2006,3.98
04/07/2006,3.97
05/07/2006,3.97
06/07/2006,3.97
07/07/2006,4.35
10/07/2006,4.34
11/07/2006,4.34
12/07/2006,4.34
13/07/2006,4.33
14/07/2006,4.32
17/07/2006,4.32
18/07/2006,4.33
19/07/2006,4.32
20/07/2006,4.32
21/07/2006,4.32
24/07/2006,4.29
25/07/2006,4.29
26/07/2006,4.29
27/07/2006,4.29
28/07/2006,4.28
31/07/2006,4.28
01/08/2006,4.28
02/08/2006,4.27
03/08/2006,4.27
04/08/2006,4.27
07/08/2006,4.28
08/08/2006,4.27
09/08/2006,4.30
10/08/2006,4.30
11/08/2006,4.52
14/08/2006,4.54
15/08/2006,4.54
16/08/2006,4.54
17/08/2006,4.53
18/08/2006,4.51
21/08/2006,4.50
22/08/2006,4.48
23/08/2006,4.47
24/08/2006,4.46
25/08/2006,4.45
28/08/2006,4.43
29/08/2006,4.42
30/08/2006,4.42
31/08/2006,4.40
01/09/2006,4.38
04/09/2006,4.36
05/09/2006,4.35
06/09/2006,4.39
08/09/2006,4.35
11/09/2006,4.28
12/09/2006,4.28
13/09/2006,4.27
14/09/2006,4.28
15/09/2006,4.24
18/09/2006,4.22
19/09/2006,4.20
20/09/2006,4.18
21/09/2006,4.10
22/09/2006,4.04
25/09/2006,4.02
26/09/2006,3.99
27/09/2006,3.96
28/09/2006,3.96
29/09/2006,3.93
02/10/2006,3.93
03/10/2006,3.90
04/10/2006,3.87
05/10/2006,3.87
06/10/2006,4.01
09/10/2006,4.03
10/10/2006,4.00
11/10/2006,4.00
13/10/2006,4.00
16/10/2006,3.99
17/10/2006,3.99
18/10/2006,3.99
19/10/2006,3.99
20/10/2006,3.98
23/10/2006,3.98
24/10/2006,3.98
25/10/2006,3.99
26/10/2006,4.00
27/10/2006,4.00
30/10/2006,4.01
31/10/2006,4.00
01/11/2006,4.03
03/11/2006,4.03
06/11/2006,4.03
07/11/2006,4.03
08/11/2006,4.03
09/11/2006,4.03
10/11/2006,4.05
13/11/2006,4.05
14/11/2006,4.06
16/11/2006,4.06
17/11/2006,4.08
20/11/2006,4.08
21/11/2006,4.10
22/11/2006,4.11
23/11/2006,4.14
24/11/2006,4.15
27/11/2006,4.15
28/11/2006,4.14
29/11/2006,4.14
30/11/2006,4.14
01/12/2006,4.14
04/12/2006,4.14
05/12/2006,4.14
06/12/2006,4.14
07/12/2006,4.13
08/12/2006,4.12
11/12/2006,4.11
12/12/2006,4.11
13/12/2006,4.11
14/12/2006,4.11
15/12/2006,4.10
18/12/2006,4.10
19/12/2006,4.10
20/12/2006,4.10
21/12/2006,4.09
22/12/2006,4.10
26/12/2006,4.10
27/12/2006,4.10
28/12/2006,4.09
29/12/2006,4.08
02/01/2007,4.07
03/01/2007,4.07
04/01/2007,4.07
05/01/2007,4.07
08/01/2007,4.07
09/01/2007,4.06
10/01/2007,4.08
11/01/2007,4.10
12/01/2007,4.02
15/01/2007,4.01
16/01/2007,4.02
17/01/2007,4.01
18/01/2007,4.00
19/01/2007,4.00
22/01/2007,4.02
23/01/2007,4.03
24/01/2007,4.03
25/01/2007,4.03
26/01/2007,4.03
29/01/2007,4.03
30/01/2007,4.04
31/01/2007,4.03
01/02/2007,4.03
02/02/2007,4.03
05/02/2007,4.03
06/02/2007,4.01
07/02/2007,4.00
08/02/2007,4.00
09/02/2007,3.89
12/02/2007,3.88
13/02/2007,3.86
14/02/2007,3.85
15/02/2007,3.87
16/02/2007,3.87
21/02/2007,3.86
22/02/2007,3.85
23/02/2007,3.83
26/02/2007,3.80
27/02/2007,3.80
28/02/2007,3.81
01/03/2007,3.80
02/03/2007,3.79
05/03/2007,3.79
06/03/2007,3.79
07/03/2007,3.79
08/03/2007,3.79
09/03/2007,3.76
12/03/2007,3.76
13/03/2007,3.76
14/03/2007,3.76
15/03/2007,3.75
16/03/2007,3.74
19/03/2007,3.74
20/03/2007,3.74
21/03/2007,3.74
22/03/2007,3.74
23/03/2007,3.74
26/03/2007,3.74
27/03/2007,3.74
28/03/2007,3.74
29/03/2007,3.73
30/03/2007,3.74
02/04/2007,3.73
03/04/2007,3.73
04/04/2007,3.72
05/04/2007,3.74
09/04/2007,3.74
10/04/2007,3.74
11/04/2007,3.66
12/04/2007,3.65
13/04/2007,3.64
16/04/2007,3.62
17/04/2007,3.63
18/04/2007,3.62
19/04/2007,3.60
20/04/2007,3.58
23/04/2007,3.58
24/04/2007,3.55
25/04/2007,3.54
26/04/2007,3.52
27/04/2007,3.49
30/04/2007,3.47
02/05/2007,3.47
03/05/2007,3.46
04/05/2007,3.45
07/05/2007,3.44
08/05/2007,3.44
09/05/2007,3.42
10/05/2007,3.43
11/05/2007,3.46
14/05/2007,3.42
15/05/2007,3.46
16/05/2007,3.48
17/05/2007,3.46
18/05/2007,3.45
21/05/2007,3.45
22/05/2007,3.45
23/05/2007,3.42
24/05/2007,3.42
25/05/2007,3.42
28/05/2007,3.41
29/05/2007,3.40
30/05/2007,3.41
31/05/2007,3.40
01/06/2007,3.40
04/06/2007,3.39
05/06/2007,3.39
06/06/2007,3.43
08/06/2007,3.43
11/06/2007,3.43
12/06/2007,3.44
13/06/2007,3.44
14/06/2007,3.45
15/06/2007,3.46
18/06/2007,3.44
19/06/2007,3.43
20/06/2007,3.43
21/06/2007,3.44
22/06/2007,3.45
25/06/2007,3.46
26/06/2007,3.46
27/06/2007,3.46
28/06/2007,3.47
29/06/2007,3.47
02/07/2007,3.48
03/07/2007,3.48
04/07/2007,3.49
05/07/2007,3.49
06/07/2007,3.47
09/07/2007,3.46
10/07/2007,3.46
11/07/2007,3.47
12/07/2007,3.47
13/07/2007,3.46
16/07/2007,3.46
17/07/2007,3.46
18/07/2007,3.50
19/07/2007,3.50
20/07/2007,3.51
23/07/2007,3.51
24/07/2007,3.53
25/07/2007,3.53
26/07/2007,3.53
27/07/2007,3.54
30/07/2007,3.54
31/07/2007,3.55
01/08/2007,3.56
02/08/2007,3.56
03/08/2007,3.56
06/08/2007,3.55
07/08/2007,3.55
08/08/2007,3.62
09/08/2007,3.62
10/08/2007,3.62
13/08/2007,3.63
14/08/2007,3.64
15/08/2007,3.65
16/08/2007,3.66
17/08/2007,3.66
20/08/2007,3.68
21/08/2007,3.66
22/08/2007,3.70
23/08/2007,3.74
24/08/2007,3.75
27/08/2007,3.78
28/08/2007,3.80
29/08/2007,3.81
30/08/2007,3.82
31/08/2007,3.83
03/09/2007,3.84
04/09/2007,3.84
05/09/2007,3.87
06/09/2007,3.73
10/09/2007,3.74
11/09/2007,3.76
12/09/2007,3.76
13/09/2007,3.76
14/09/2007,3.76
17/09/2007,3.77
18/09/2007,3.76
19/09/2007,3.76
20/09/2007,3.77
21/09/2007,3.77
24/09/2007,3.76
25/09/2007,3.76
26/09/2007,3.75
27/09/2007,3.76
28/09/2007,3.75
01/10/2007,3.74
02/10/2007,3.75
03/10/2007,3.76
04/10/2007,3.76
05/10/2007,3.76
08/10/2007,3.76
09/10/2007,3.76
10/10/2007,3.76
11/10/2007,3.76
15/10/2007,3.76
16/10/2007,3.76
17/10/2007,3.77
18/10/2007,3.76
19/10/2007,3.75
22/10/2007,3.73
23/10/2007,3.73
24/10/2007,3.72
25/10/2007,3.72
26/10/2007,3.72
29/10/2007,3.72
30/10/2007,3.71
31/10/2007,3.71
01/11/2007,3.71
05/11/2007,3.69
06/11/2007,3.69
07/11/2007,3.79
08/11/2007,3.78
09/11/2007,3.80
12/11/2007,3.80
13/11/2007,3.80
14/11/2007,3.80
16/11/2007,3.80
19/11/2007,3.81
20/11/2007,3.81
21/11/2007,3.82
22/11/2007,3.84
23/11/2007,3.84
26/11/2007,3.83
27/11/2007,3.83
28/11/2007,3.84
29/11/2007,3.84
30/11/2007,3.85
03/12/2007,3.86
04/12/2007,3.86
05/12/2007,3.87
06/12/2007,3.96
07/12/2007,4.00
10/12/2007,4.04
11/12/2007,4.07
12/12/2007,4.09
13/12/2007,4.12
14/12/2007,4.15
17/12/2007,4.17
18/12/2007,4.22
19/12/2007,4.35
20/12/2007,4.38
21/12/2007,4.38
24/12/2007,4.41
26/12/2007,4.42
27/12/2007,4.43
28/12/2007,4.44
31/12/2007,4.45
02/01/2008,4.46
03/01/2008,4.47
04/01/2008,4.49
07/01/2008,4.49
08/01/2008,4.51
09/01/2008,4.51
10/01/2008,4.52
11/01/2008,4.26
14/01/2008,4.30
15/01/2008,4.32
16/01/2008,4.32
17/01/2008,4.33
18/01/2008,4.35
21/01/2008,4.38
22/01/2008,4.38
23/01/2008,4.42
24/01/2008,4.44
25/01/2008,4.45
28/01/2008,4.45
29/01/2008,4.44
30/01/2008,4.44
31/01/2008,4.44
01/02/2008,4.44
06/02/2008,4.45
07/02/2008,4.45
08/02/2008,4.46
11/02/2008,4.45
12/02/2008,4.45
13/02/2008,4.26
14/02/2008,4.25
15/02/2008,4.27
18/02/2008,4.26
19/02/2008,4.27
20/02/2008,4.27
21/02/2008,4.27
22/02/2008,4.27
25/02/2008,4.26
26/02/2008,4.26
27/02/2008,4.27
28/02/2008,4.28
29/02/2008,4.28
03/03/2008,4.27
04/03/2008,4.28
05/03/2008,4.28
06/03/2008,4.29
07/03/2008,4.29
10/03/2008,4.30
11/03/2008,4.28
12/03/2008,4.28
13/03/2008,4.27
14/03/2008,4.28
17/03/2008,4.28
18/03/2008,4.29
19/03/2008,4.29
20/03/2008,4.30
24/03/2008,4.31
25/03/2008,4.36
26/03/2008,4.36
27/03/2008,4.37
28/03/2008,4.37
31/03/2008,4.36
01/04/2008,4.37
02/04/2008,4.37
03/04/2008,4.38
04/04/2008,4.39
07/04/2008,4.40
08/04/2008,4.41
09/04/2008,4.41
10/04/2008,4.41
11/04/2008,4.42
14/04/2008,4.42
15/04/2008,4.46
16/04/2008,4.46
17/04/2008,4.44
18/04/2008,4.45
22/04/2008,4.45
23/04/2008,4.46
24/04/2008,4.52
25/04/2008,4.53
28/04/2008,4.53
29/04/2008,4.56
30/04/2008,4.56
02/05/2008,4.59
05/05/2008,4.60
06/05/2008,4.62
07/05/2008,4.62
08/05/2008,4.66
09/05/2008,4.50
12/05/2008,4.55
13/05/2008,4.59
14/05/2008,4.60
15/05/2008,4.66
16/05/2008,4.73
19/05/2008,4.83
20/05/2008,4.84
21/05/2008,4.85
23/05/2008,4.88
26/05/2008,4.94
27/05/2008,5.06
28/05/2008,5.06
29/05/2008,5.06
30/05/2008,5.08
02/06/2008,5.08
03/06/2008,5.09
04/06/2008,5.10
05/06/2008,5.10
06/06/2008,5.16
09/06/2008,5.16
10/06/2008,5.22
11/06/2008,4.94
12/06/2008,5.01
13/06/2008,5.07
16/06/2008,5.09
17/06/2008,5.11
18/06/2008,5.15
19/06/2008,5.21
20/06/2008,5.24
23/06/2008,5.28
24/06/2008,5.38
25/06/2008,5.40
26/06/2008,5.47
27/06/2008,5.52
30/06/2008,5.60
01/07/2008,5.60
02/07/2008,5.61
03/07/2008,5.66
04/07/2008,5.70
07/07/2008,5.71
08/07/2008,5.77
09/07/2008,5.79
10/07/2008,5.37
11/07/2008,5.37
14/07/2008,5.42
15/07/2008,5.44
16/07/2008,5.44
17/07/2008,5.43
18/07/2008,5.45
21/07/2008,5.46
22/07/2008,5.48
23/07/2008,5.51
24/07/2008,5.51
25/07/2008,5.52
28/07/2008,5.51
29/07/2008,5.51
30/07/2008,5.51
31/07/2008,5.49
01/08/2008,5.48
04/08/2008,5.46
05/08/2008,5.45
06/08/2008,5.44
07/08/2008,5.43
08/08/2008,5.27
11/08/2008,5.26
12/08/2008,5.25
13/08/2008,5.25
14/08/2008,5.26
15/08/2008,5.25
18/08/2008,5.24
19/08/2008,5.21
20/08/2008,5.20
21/08/2008,5.18
22/08/2008,5.16
25/08/2008,5.16
26/08/2008,5.16
27/08/2008,5.16
28/08/2008,5.16
29/08/2008,5.16
01/09/2008,5.16
02/09/2008,5.15
03/09/2008,5.14
04/09/2008,5.14
05/09/2008,5.20
08/09/2008,5.20
09/09/2008,5.20
10/09/2008,5.20
11/09/2008,5.18
12/09/2008,5.17
15/09/2008,5.16
16/09/2008,5.16
17/09/2008,5.14
18/09/2008,5.14
19/09/2008,5.15
22/09/2008,5.11
23/09/2008,5.04
24/09/2008,5.03
25/09/2008,5.02
26/09/2008,5.02
29/09/2008,5.02
30/09/2008,5.01
01/10/2008,5.01
02/10/2008,5.00
03/10/2008,5.00
06/10/2008,4.98
07/10/2008,5.00
08/10/2008,5.10
09/10/2008,5.10
10/10/2008,5.10
13/10/2008,5.14
14/10/2008,5.14
15/10/2008,5.14
16/10/2008,5.15
17/10/2008,5.19
20/10/2008,5.22
21/10/2008,5.21
22/10/2008,5.27
23/10/2008,5.30
24/10/2008,5.32
27/10/2008,5.33
28/10/2008,5.35
29/10/2008,5.35
30/10/2008,5.36
31/10/2008,5.40
03/11/2008,5.43
04/11/2008,5.42
05/11/2008,5.42
06/11/2008,5.43
07/11/2008,5.41
10/11/2008,5.40
11/11/2008,5.41
12/11/2008,5.43
13/11/2008,5.43
14/11/2008,5.44
17/11/2008,5.43
18/11/2008,5.43
19/11/2008,5.43
20/11/2008,5.43
21/11/2008,5.43
24/11/2008,5.46
25/11/2008,5.45
26/11/2008,5.45
27/11/2008,5.45
28/11/2008,5.45
01/12/2008,5.44
02/12/2008,5.44
03/12/2008,5.43
04/12/2008,5.42
05/12/2008,5.29
08/12/2008,5.21
09/12/2008,5.20
10/12/2008,5.19
11/12/2008,5.17
12/12/2008,5.16
15/12/2008,5.20
16/12/2008,5.20
17/12/2008,5.17
18/12/2008,5.05
19/12/2008,5.01
22/12/2008,4.98
23/12/2008,4.97
24/12/2008,4.97
26/12/2008,4.98
29/12/2008,4.96
30/12/2008,4.94
31/12/2008,4.93
02/01/2009,4.91
05/01/2009,4.88
06/01/2009,4.87
07/01/2009,4.86
08/01/2009,4.84
09/01/2009,4.88
12/01/2009,4.88
13/01/2009,4.88
14/01/2009,4.88
15/01/2009,4.86
16/01/2009,4.84
19/01/2009,4.81
20/01/2009,4.82
21/01/2009,4.80
22/01/2009,4.72
23/01/2009,4.72
26/01/2009,4.71
27/01/2009,4.70
28/01/2009,4.70
29/01/2009,4.70
30/01/2009,4.70
02/02/2009,4.70
03/02/2009,4.70
04/02/2009,4.70
05/02/2009,4.70
06/02/2009,4.81
09/02/2009,4.80
10/02/2009,4.78
11/02/2009,4.78
12/02/2009,4.73
13/02/2009,4.70
16/02/2009,4.70
17/02/2009,4.67
18/02/2009,4.67
19/02/2009,4.63
20/02/2009,4.61
25/02/2009,4.60
26/02/2009,4.60
27/02/2009,4.57
02/03/2009,4.56
03/03/2009,4.55
04/03/2009,4.55
05/03/2009,4.53
06/03/2009,4.51
09/03/2009,4.49
10/03/2009,4.49
11/03/2009,4.37
12/03/2009,4.35
13/03/2009,4.34
16/03/2009,4.33
17/03/2009,4.33
18/03/2009,4.28
19/03/2009,4.27
20/03/2009,4.26
23/03/2009,4.15
24/03/2009,4.18
25/03/2009,4.17
26/03/2009,4.17
27/03/2009,4.16
30/03/2009,4.14
31/03/2009,4.14
01/04/2009,4.12
02/04/2009,4.10
03/04/2009,4.10
06/04/2009,4.10
07/04/2009,4.10
08/04/2009,4.18
09/04/2009,4.19
13/04/2009,4.20
14/04/2009,4.20
15/04/2009,4.21
16/04/2009,4.20
17/04/2009,4.19
20/04/2009,4.20
22/04/2009,4.19
23/04/2009,4.21
24/04/2009,4.21
27/04/2009,4.20
28/04/2009,4.21
29/04/2009,4.21
30/04/2009,4.21
04/05/2009,4.21
05/05/2009,4.21
06/05/2009,4.21
07/05/2009,4.22
08/05/2009,4.12
11/05/2009,4.12
12/05/2009,4.13
13/05/2009,4.13
14/05/2009,4.13
15/05/2009,4.13
18/05/2009,4.14
19/05/2009,4.12
20/05/2009,4.12
21/05/2009,4.12
22/05/2009,4.13
25/05/2009,4.12
26/05/2009,4.12
27/05/2009,4.13
28/05/2009,4.14
29/05/2009,4.14
01/06/2009,4.14
02/06/2009,4.13
03/06/2009,4.13
04/06/2009,4.15
05/06/2009,4.14
08/06/2009,4.14
09/06/2009,4.14
10/06/2009,4.02
12/06/2009,4.02
15/06/2009,4.03
16/06/2009,4.02
17/06/2009,4.02
18/06/2009,4.01
19/06/2009,4.03
22/06/2009,4.05
23/06/2009,4.05
24/06/2009,4.05
25/06/2009,4.06
26/06/2009,4.06
29/06/2009,4.06
30/06/2009,4.06
01/07/2009,4.07
02/07/2009,4.07
03/07/2009,4.08
06/07/2009,4.08
07/07/2009,4.08
08/07/2009,4.09
09/07/2009,4.09
10/07/2009,4.09
13/07/2009,4.10
14/07/2009,4.10
15/07/2009,4.10
16/07/2009,4.10
17/07/2009,4.11
20/07/2009,4.12
21/07/2009,4.12
22/07/2009,4.13
23/07/2009,4.15
24/07/2009,4.14
27/07/2009,4.12
28/07/2009,4.12
29/07/2009,4.12
30/07/2009,4.12
31/07/2009,4.09
03/08/2009,4.09
04/08/2009,4.09
05/08/2009,4.09
06/08/2009,4.08
07/08/2009,4.07
10/08/2009,4.05
11/08/2009,4.04
12/08/2009,4.04
13/08/2009,4.05
14/08/2009,4.04
17/08/2009,4.04
18/08/2009,4.04
19/08/2009,4.01
20/08/2009,3.99
21/08/2009,3.99
24/08/2009,3.97
25/08/2009,3.96
26/08/2009,3.96
27/08/2009,3.96
28/08/2009,3.96
31/08/2009,3.97
01/09/2009,3.97
02/09/2009,3.97
03/09/2009,3.97
04/09/2009,3.97
08/09/2009,3.97
09/09/2009,3.98
10/09/2009,4.14
11/09/2009,4.14
14/09/2009,4.14
15/09/2009,4.15
16/09/2009,4.15
17/09/2009,4.15
18/09/2009,4.15
21/09/2009,4.14
22/09/2009,4.16
23/09/2009,4.15
24/09/2009,4.15
25/09/2009,4.16
28/09/2009,4.17
29/09/2009,4.17
30/09/2009,4.19
01/10/2009,4.19
02/10/2009,4.19
05/10/2009,4.19
06/10/2009,4.19
07/10/2009,4.19
08/10/2009,4.25
09/10/2009,4.26
13/10/2009,4.29
14/10/2009,4.29
15/10/2009,4.30
16/10/2009,4.31
19/10/2009,4.31
20/10/2009,4.31
21/10/2009,4.32
22/10/2009,4.31
23/10/2009,4.31
26/10/2009,4.32
27/10/2009,4.32
28/10/2009,4.32
29/10/2009,4.32
30/10/2009,4.32
03/11/2009,4.32
04/11/2009,4.31
05/11/2009,4.31
06/11/2009,4.29
09/11/2009,4.29
10/11/2009,4.29
11/11/2009,4.35
12/11/2009,4.35
13/11/2009,4.35
16/11/2009,4.35
17/11/2009,4.35
18/11/2009,4.36
19/11/2009,4.36
20/11/2009,4.36
23/11/2009,4.36
24/11/2009,4.36
25/11/2009,4.33
26/11/2009,4.35
27/11/2009,4.35
30/11/2009,4.35
01/12/2009,4.35
02/12/2009,4.35
03/12/2009,4.35
04/12/2009,4.38
07/12/2009,4.37
08/12/2009,4.37
09/12/2009,4.40
10/12/2009,4.40
11/12/2009,4.40
14/12/2009,4.40
15/12/2009,4.40
16/12/2009,4.41
17/12/2009,4.40
18/12/2009,4.40
21/12/2009,4.40
22/12/2009,4.39
23/12/2009,4.39
24/12/2009,4.39
28/12/2009,4.39
29/12/2009,4.39
30/12/2009,4.40
31/12/2009,4.40
04/01/2010,4.40
05/01/2010,4.40
06/01/2010,4.40
07/01/2010,4.42
08/01/2010,4.41
11/01/2010,4.45
12/01/2010,4.46
13/01/2010,4.59
14/01/2010,4.55
15/01/2010,4.55
18/01/2010,4.58
19/01/2010,4.57
20/01/2010,4.58
21/01/2010,4.63
22/01/2010,4.66
25/01/2010,4.68
26/01/2010,4.68
27/01/2010,4.68
28/01/2010,4.67
29/01/2010,4.68
01/02/2010,4.69
02/02/2010,4.70
03/02/2010,4.70
04/02/2010,4.71
05/02/2010,4.54
08/02/2010,4.55
09/02/2010,4.54
10/02/2010,4.55
11/02/2010,4.55
12/02/2010,4.56
17/02/2010,4.56
18/02/2010,4.57
19/02/2010,4.58
22/02/2010,4.63
23/02/2010,4.65
24/02/2010,4.66
25/02/2010,4.65
26/02/2010,4.66
01/03/2010,4.67
02/03/2010,4.67
03/03/2010,4.67
04/03/2010,4.68
05/03/2010,4.50
08/03/2010,4.50
09/03/2010,4.54
10/03/2010,4.56
11/03/2010,4.55
12/03/2010,4.56
15/03/2010,4.55
16/03/2010,4.56
17/03/2010,4.57
18/03/2010,4.62
19/03/2010,4.64
22/03/2010,4.67
23/03/2010,4.67
24/03/2010,4.69
25/03/2010,4.68
26/03/2010,4.68
29/03/2010,4.69
30/03/2010,4.69
31/03/2010,4.70
01/04/2010,4.71
05/04/2010,4.71
06/04/2010,4.73
07/04/2010,4.74
08/04/2010,4.64
09/04/2010,4.69
12/04/2010,4.71
13/04/2010,4.71
14/04/2010,4.72
15/04/2010,4.73
16/04/2010,4.75
19/04/2010,4.82
20/04/2010,4.83
22/04/2010,4.83
23/04/2010,4.83
26/04/2010,4.86
27/04/2010,4.86
28/04/2010,4.86
29/04/2010,4.85
30/04/2010,4.86
03/05/2010,4.89
04/05/2010,4.90
05/05/2010,4.90
06/05/2010,4.91
07/05/2010,4.80
10/05/2010,4.79
11/05/2010,4.80
12/05/2010,4.80
13/05/2010,4.81
14/05/2010,4.82
17/05/2010,4.81
18/05/2010,4.83
19/05/2010,4.88
20/05/2010,4.88
21/05/2010,4.88
24/05/2010,4.88
25/05/2010,4.87
26/05/2010,4.88
27/05/2010,4.87
28/05/2010,4.86
31/05/2010,4.88
01/06/2010,4.88
02/06/2010,4.86
04/06/2010,4.85
07/06/2010,4.85
08/06/2010,4.85
09/06/2010,4.76
10/06/2010,4.76
11/06/2010,4.77
14/06/2010,4.77
15/06/2010,4.77
16/06/2010,4.76
17/06/2010,4.77
18/06/2010,4.78
21/06/2010,4.75
22/06/2010,4.74
23/06/2010,4.74
24/06/2010,4.74
25/06/2010,4.75
28/06/2010,4.74
29/06/2010,4.74
30/06/2010,4.74
01/07/2010,4.74
02/07/2010,4.73
05/07/2010,4.74
06/07/2010,4.74
07/07/2010,4.92
08/07/2010,4.93
09/07/2010,4.93
12/07/2010,4.93
13/07/2010,4.95
14/07/2010,4.95
15/07/2010,4.96
16/07/2010,4.95
19/07/2010,4.89
20/07/2010,4.87
21/07/2010,4.87
22/07/2010,4.86
23/07/2010,4.85
26/07/2010,4.85
27/07/2010,4.84
28/07/2010,4.84
29/07/2010,4.84
30/07/2010,4.82
02/08/2010,4.84
03/08/2010,4.84
04/08/2010,4.83
05/08/2010,4.83
06/08/2010,5.08
09/08/2010,5.08
10/08/2010,5.08
11/08/2010,5.08
12/08/2010,5.07
13/08/2010,5.06
16/08/2010,5.05
17/08/2010,5.06
18/08/2010,5.05
19/08/2010,5.02
20/08/2010,5.01
23/08/2010,4.99
24/08/2010,4.98
25/08/2010,4.98
26/08/2010,4.98
27/08/2010,4.98
30/08/2010,4.97
31/08/2010,4.98
01/09/2010,4.98
02/09/2010,4.98
03/09/2010,4.96
06/09/2010,4.96
08/09/2010,4.96
09/09/2010,5.15
10/09/2010,5.15
13/09/2010,5.15
14/09/2010,5.16
15/09/2010,5.17
16/09/2010,5.16
17/09/2010,5.18
20/09/2010,5.24
21/09/2010,5.24
22/09/2010,5.25
23/09/2010,5.28
24/09/2010,5.28
27/09/2010,5.28
28/09/2010,5.29
29/09/2010,5.29
30/09/2010,5.31
01/10/2010,5.32
04/10/2010,5.31
05/10/2010,5.33
06/10/2010,5.35
07/10/2010,5.25
08/10/2010,5.26
11/10/2010,5.27
13/10/2010,5.29
14/10/2010,5.29
15/10/2010,5.31
18/10/2010,5.30
19/10/2010,5.36
20/10/2010,5.37
21/10/2010,5.38
22/10/2010,5.38
25/10/2010,5.39
26/10/2010,5.39
27/10/2010,5.39
28/10/2010,5.40
29/10/2010,5.42
01/11/2010,5.43
03/11/2010,5.43
04/11/2010,5.44
05/11/2010,5.44
08/11/2010,5.44
09/11/2010,5.17
10/11/2010,5.20
11/11/2010,5.23
12/11/2010,5.24
16/11/2010,5.27
17/11/2010,5.29
18/11/2010,5.37
19/11/2010,5.40
22/11/2010,5.47
23/11/2010,5.50
24/11/2010,5.51
25/11/2010,5.55
26/11/2010,5.58
29/11/2010,5.60
30/11/2010,5.61
01/12/2010,5.64
02/12/2010,5.64
03/12/2010,5.68
06/12/2010,5.70
07/12/2010,5.74
08/12/2010,5.38
09/12/2010,5.39
10/12/2010,5.39
13/12/2010,5.41
14/12/2010,5.42
15/12/2010,5.42
16/12/2010,5.43
17/12/2010,5.44
20/12/2010,5.51
21/12/2010,5.50
22/12/2010,5.51
23/12/2010,5.52
24/12/2010,5.52
27/12/2010,5.51
28/12/2010,5.52
29/12/2010,5.52
30/12/2010,5.52
31/12/2010,5.52
03/01/2011,5.53
04/01/2011,5.53
05/01/2011,5.53
06/01/2011,5.53
07/01/2011,5.39
10/01/2011,5.40
11/01/2011,5.41
12/01/2011,5.42
13/01/2011,5.43
14/01/2011,5.47
17/01/2011,5.50
18/01/2011,5.52
19/01/2011,5.53
20/01/2011,5.55
21/01/2011,5.56
24/01/2011,5.61
25/01/2011,5.63
26/01/2011,5.64
27/01/2011,5.64
28/01/2011,5.65
31/01/2011,5.67
01/02/2011,5.68
02/02/2011,5.67
03/02/2011,5.67
04/02/2011,5.69
07/02/2011,5.70
08/02/2011,5.49
09/02/2011,5.51
10/02/2011,5.52
11/02/2011,5.53
14/02/2011,5.55
15/02/2011,5.54
16/02/2011,5.54
17/02/2011,5.54
18/02/2011,5.55
21/02/2011,5.58
22/02/2011,5.58
23/02/2011,5.59
24/02/2011,5.60
25/02/2011,5.61
28/02/2011,5.61
01/03/2011,5.61
02/03/2011,5.61
03/03/2011,5.61
04/03/2011,5.36
09/03/2011,5.37
10/03/2011,5.36
11/03/2011,5.37
14/03/2011,5.37
15/03/2011,5.37
16/03/2011,5.40
17/03/2011,5.40
18/03/2011,5.43
21/03/2011,5.45
22/03/2011,5.53
23/03/2011,5.54
24/03/2011,5.56
25/03/2011,5.56
28/03/2011,5.55
29/03/2011,5.55
30/03/2011,5.57
31/03/2011,5.61
01/04/2011,5.62
04/04/2011,5.63
05/04/2011,5.63
06/04/2011,5.63
07/04/2011,5.42
08/04/2011,5.48
11/04/2011,5.47
12/04/2011,5.48
13/04/2011,5.49
14/04/2011,5.50
15/04/2011,5.52
18/04/2011,5.53
19/04/2011,5.57
20/04/2011,5.58
25/04/2011,5.59
26/04/2011,5.60
27/04/2011,5.60
28/04/2011,5.59
29/04/2011,5.60
02/05/2011,5.61
03/05/2011,5.62
04/05/2011,5.62
05/05/2011,5.61
06/05/2011,5.23
09/05/2011,5.23
10/05/2011,5.22
11/05/2011,5.23
12/05/2011,5.23
13/05/2011,5.23
16/05/2011,5.25
17/05/2011,5.25
18/05/2011,5.22
19/05/2011,5.18
20/05/2011,5.19
23/05/2011,5.18
24/05/2011,5.17
25/05/2011,5.17
26/05/2011,5.17
27/05/2011,5.16
30/05/2011,5.17
31/05/2011,5.17
01/06/2011,5.18
02/06/2011,5.18
03/06/2011,5.17
06/06/2011,5.17
07/06/2011,5.06
08/06/2011,5.07
09/06/2011,5.06
10/06/2011,5.06
13/06/2011,5.05
14/06/2011,5.05
15/06/2011,5.06
16/06/2011,5.06
17/06/2011,5.05
20/06/2011,5.03
21/06/2011,5.02
22/06/2011,5.03
24/06/2011,5.03
27/06/2011,5.03
28/06/2011,5.03
29/06/2011,5.03
30/06/2011,5.02
01/07/2011,5.02
04/07/2011,5.01
05/07/2011,5.02
06/07/2011,5.03
07/07/2011,5.27
08/07/2011,5.27
11/07/2011,5.28
12/07/2011,5.29
13/07/2011,5.30
14/07/2011,5.30
15/07/2011,5.33
18/07/2011,5.34
19/07/2011,5.35
20/07/2011,5.35
21/07/2011,5.34
22/07/2011,5.34
25/07/2011,5.35
26/07/2011,5.36
27/07/2011,5.36
28/07/2011,5.36
29/07/2011,5.35
01/08/2011,5.36
02/08/2011,5.36
03/08/2011,5.36
04/08/2011,5.36
05/08/2011,5.45
08/08/2011,5.45
09/08/2011,5.45
10/08/2011,5.45
11/08/2011,5.45
12/08/2011,5.45
15/08/2011,5.44
16/08/2011,5.45
17/08/2011,5.45
18/08/2011,5.44
19/08/2011,5.43
22/08/2011,5.44
23/08/2011,5.44
24/08/2011,5.45
25/08/2011,5.46
26/08/2011,5.47
29/08/2011,5.47
30/08/2011,5.47
31/08/2011,5.47
01/09/2011,5.52
02/09/2011,5.57
05/09/2011,5.58
06/09/2011,5.60
08/09/2011,5.61
09/09/2011,5.64
12/09/2011,5.67
13/09/2011,5.68
14/09/2011,5.69
15/09/2011,5.70
16/09/2011,5.71
19/09/2011,5.75
20/09/2011,5.77
21/09/2011,5.77
22/09/2011,5.77
23/09/2011,5.78
26/09/2011,5.79
27/09/2011,5.79
28/09/2011,5.79
29/09/2011,5.79
30/09/2011,5.80
03/10/2011,5.81
04/10/2011,5.79
05/10/2011,5.79
06/10/2011,5.79
07/10/2011,5.63
10/10/2011,5.63
11/10/2011,5.65
13/10/2011,5.64
14/10/2011,5.64
17/10/2011,5.64
18/10/2011,5.64
19/10/2011,5.60
20/10/2011,5.59
21/10/2011,5.59
24/10/2011,5.59
25/10/2011,5.59
26/10/2011,5.57
27/10/2011,5.57
28/10/2011,5.57
31/10/2011,5.56
01/11/2011,5.56
03/11/2011,5.56
04/11/2011,5.55
07/11/2011,5.55
08/11/2011,5.56
09/11/2011,5.56
10/11/2011,5.56
11/11/2011,5.56
14/11/2011,5.57
16/11/2011,5.57
17/11/2011,5.57
18/11/2011,5.55
21/11/2011,5.56
22/11/2011,5.56
23/11/2011,5.57
24/11/2011,5.57
25/11/2011,5.57
28/11/2011,5.56
29/11/2011,5.55
30/11/2011,5.53
01/12/2011,5.49
02/12/2011,5.48
05/12/2011,5.46
06/12/2011,5.46
07/12/2011,5.46
08/12/2011,5.42
09/12/2011,5.42
12/12/2011,5.42
13/12/2011,5.41
14/12/2011,5.40
15/12/2011,5.40
16/12/2011,5.39
19/12/2011,5.38
20/12/2011,5.36
21/12/2011,5.36
22/12/2011,5.35
23/12/2011,5.35
26/12/2011,5.35
27/12/2011,5.35
28/12/2011,5.34
29/12/2011,5.35
30/12/2011,5.35
02/01/2012,5.36
03/01/2012,5.36
04/01/2012,5.36
05/01/2012,5.36
06/01/2012,5.32
09/01/2012,5.32
10/01/2012,5.32
11/01/2012,5.32
12/01/2012,5.31
13/01/2012,5.31
16/01/2012,5.31
17/01/2012,5.31
18/01/2012,5.30
19/01/2012,5.29
20/01/2012,5.29
23/01/2012,5.28
24/01/2012,5.29
25/01/2012,5.28
26/01/2012,5.29
27/01/2012,5.29
30/01/2012,5.29
31/01/2012,5.30
01/02/2012,5.29
02/02/2012,5.29
03/02/2012,5.29
06/02/2012,5.29
07/02/2012,5.29
08/02/2012,5.28
09/02/2012,5.28
10/02/2012,5.31
13/02/2012,5.31
14/02/2012,5.31
15/02/2012,5.30
16/02/2012,5.27
17/02/2012,5.27
22/02/2012,5.27
23/02/2012,5.27
24/02/2012,5.24
27/02/2012,5.26
28/02/2012,5.26
29/02/2012,5.26
01/03/2012,5.26
02/03/2012,5.26
05/03/2012,5.27
06/03/2012,5.27
07/03/2012,5.27
08/03/2012,5.30
09/03/2012,5.43
12/03/2012,5.44
13/03/2012,5.44
14/03/2012,5.45
15/03/2012,5.44
16/03/2012,5.43
19/03/2012,5.44
20/03/2012,5.43
21/03/2012,5.45
22/03/2012,5.45
23/03/2012,5.45
26/03/2012,5.45
27/03/2012,5.45
28/03/2012,5.44
29/03/2012,5.44
30/03/2012,5.43
02/04/2012,5.42
03/04/2012,5.42
04/04/2012,5.42
05/04/2012,5.50
09/04/2012,5.51
10/04/2012,5.51
11/04/2012,5.51
12/04/2012,5.52
13/04/2012,5.53
16/04/2012,5.53
17/04/2012,5.53
18/04/2012,5.53
19/04/2012,5.53
20/04/2012,5.54
23/04/2012,5.53
24/04/2012,5.53
25/04/2012,5.54
26/04/2012,5.54
27/04/2012,5.55
30/04/2012,5.57
02/05/2012,5.57
03/05/2012,5.57
04/05/2012,5.57
07/05/2012,5.58
08/05/2012,5.60
09/05/2012,5.55
10/05/2012,5.55
11/05/2012,5.55
14/05/2012,5.56
15/05/2012,5.56
16/05/2012,5.57
17/05/2012,5.57
18/05/2012,5.56
21/05/2012,5.57
22/05/2012,5.55
23/05/2012,5.55
24/05/2012,5.56
25/05/2012,5.55
28/05/2012,5.55
29/05/2012,5.54
30/05/2012,5.52
31/05/2012,5.52
01/06/2012,5.52
04/06/2012,5.51
05/06/2012,5.52
06/06/2012,5.49
08/06/2012,5.49
11/06/2012,5.48
12/06/2012,5.47
13/06/2012,5.47
14/06/2012,5.47
15/06/2012,5.46
18/06/2012,5.45
19/06/2012,5.44
20/06/2012,5.41
21/06/2012,5.39
22/06/2012,5.38
25/06/2012,5.38
26/06/2012,5.38
27/06/2012,5.37
28/06/2012,5.37
29/06/2012,5.38
02/07/2012,5.38
03/07/2012,5.37
04/07/2012,5.37
05/07/2012,5.36
06/07/2012,5.51
09/07/2012,5.52
10/07/2012,5.52
11/07/2012,5.52
12/07/2012,5.52
13/07/2012,5.51
16/07/2012,5.51
17/07/2012,5.51
18/07/2012,5.51
19/07/2012,5.52
20/07/2012,5.52
23/07/2012,5.54
24/07/2012,5.54
25/07/2012,5.55
26/07/2012,5.54
27/07/2012,5.55
30/07/2012,5.58
31/07/2012,5.58
01/08/2012,5.58
02/08/2012,5.58
03/08/2012,5.58
06/08/2012,5.59
07/08/2012,5.59
08/08/2012,5.56
09/08/2012,5.56
10/08/2012,5.56
13/08/2012,5.57
14/08/2012,5.57
15/08/2012,5.57
16/08/2012,5.59
17/08/2012,5.61
20/08/2012,5.60
21/08/2012,5.62
22/08/2012,5.64
23/08/2012,5.65
24/08/2012,5.65
27/08/2012,5.66
28/08/2012,5.66
29/08/2012,5.67
30/08/2012,5.67
31/08/2012,5.68
03/09/2012,5.68
04/09/2012,5.68
05/09/2012,5.63
06/09/2012,5.65
10/09/2012,5.66
11/09/2012,5.66
12/09/2012,5.66
13/09/2012,5.64
14/09/2012,5.63
17/09/2012,5.64
18/09/2012,5.64
19/09/2012,5.65
20/09/2012,5.66
21/09/2012,5.64
24/09/2012,5.64
25/09/2012,5.65
26/09/2012,5.65
27/09/2012,5.65
28/09/2012,5.64
01/10/2012,5.63
02/10/2012,5.63
03/10/2012,5.63
04/10/2012,5.64
05/10/2012,5.51
08/10/2012,5.50
09/10/2012,5.50
10/10/2012,5.50
11/10/2012,5.50
15/10/2012,5.50
16/10/2012,5.51
17/10/2012,5.48
18/10/2012,5.47
19/10/2012,5.48
22/10/2012,5.49
23/10/2012,5.49
24/10/2012,5.49
25/10/2012,5.49
26/10/2012,5.48
29/10/2012,5.48
30/10/2012,5.47
31/10/2012,5.47
01/11/2012,5.47
05/11/2012,5.46
06/11/2012,5.46
07/11/2012,5.35
08/11/2012,5.35
09/11/2012,5.34
12/11/2012,5.34
13/11/2012,5.34
14/11/2012,5.34
16/11/2012,5.34
19/11/2012,5.34
20/11/2012,5.34
21/11/2012,5.33
22/11/2012,5.34
23/11/2012,5.34
26/11/2012,5.35
27/11/2012,5.34
28/11/2012,5.35
29/11/2012,5.35
30/11/2012,5.36
03/12/2012,5.36
04/12/2012,5.36
05/12/2012,5.37
06/12/2012,5.37
07/12/2012,5.44
10/12/2012,5.44
11/12/2012,5.46
12/12/2012,5.46
13/12/2012,5.47
14/12/2012,5.48
17/12/2012,5.49
18/12/2012,5.56
19/12/2012,5.58
20/12/2012,5.58
21/12/2012,5.59
24/12/2012,5.61
26/12/2012,5.61
27/12/2012,5.62
28/12/2012,5.63
31/12/2012,5.63
02/01/2013,5.65
03/01/2013,5.66
04/01/2013,5.66
07/01/2013,5.67
08/01/2013,5.71
09/01/2013,5.73
10/01/2013,5.55
11/01/2013,5.56
14/01/2013,5.60
15/01/2013,5.60
16/01/2013,5.62
17/01/2013,5.64
18/01/2013,5.65
21/01/2013,5.66
22/01/2013,5.67
23/01/2013,5.68
24/01/2013,5.68
25/01/2013,5.69
28/01/2013,5.69
29/01/2013,5.69
30/01/2013,5.70
31/01/2013,5.70
01/02/2013,5.70
04/02/2013,5.71
05/02/2013,5.71
06/02/2013,5.71
07/02/2013,5.50
08/02/2013,5.49
13/02/2013,5.49
14/02/2013,5.50
15/02/2013,5.49
18/02/2013,5.49
19/02/2013,5.48
20/02/2013,5.48
21/02/2013,5.48
22/02/2013,5.48
25/02/2013,5.49
26/02/2013,5.49
27/02/2013,5.50
28/02/2013,5.50
01/03/2013,5.50
04/03/2013,5.48
05/03/2013,5.48
06/03/2013,5.49
07/03/2013,5.47
08/03/2013,5.64
11/03/2013,5.62
12/03/2013,5.60
13/03/2013,5.60
14/03/2013,5.59
15/03/2013,5.57
18/03/2013,5.55
19/03/2013,5.56
20/03/2013,5.55
21/03/2013,5.56
22/03/2013,5.55
25/03/2013,5.54
26/03/2013,5.54
27/03/2013,5.53
28/03/2013,5.53
01/04/2013,5.54
02/04/2013,5.54
03/04/2013,5.54
04/04/2013,5.54
05/04/2013,5.54
08/04/2013,5.54
09/04/2013,5.54
10/04/2013,5.53
11/04/2013,5.52
12/04/2013,5.52
15/04/2013,5.53
16/04/2013,5.53
17/04/2013,5.55
18/04/2013,5.55
19/04/2013,5.55
22/04/2013,5.55
23/04/2013,5.55
24/04/2013,5.55
25/04/2013,5.55
26/04/2013,5.55
29/04/2013,5.56
30/04/2013,5.56
02/05/2013,5.54
03/05/2013,5.55
06/05/2013,5.55
07/05/2013,5.55
08/05/2013,5.61
09/05/2013,5.61
10/05/2013,5.60
13/05/2013,5.61
14/05/2013,5.62
15/05/2013,5.62
16/05/2013,5.62
17/05/2013,5.63
20/05/2013,5.62
21/05/2013,5.63
22/05/2013,5.64
23/05/2013,5.62
24/05/2013,5.62
27/05/2013,5.62
28/05/2013,5.62
29/05/2013,5.62
31/05/2013,5.62
03/06/2013,5.62
04/06/2013,5.62
05/06/2013,5.62
06/06/2013,5.62
07/06/2013,5.68
10/06/2013,5.70
11/06/2013,5.71
12/06/2013,5.71
13/06/2013,5.72
14/06/2013,5.73
17/06/2013,5.74
18/06/2013,5.75
19/06/2013,5.73
20/06/2013,5.72
21/06/2013,5.73
24/06/2013,5.73
25/06/2013,5.73
26/06/2013,5.73
27/06/2013,5.73
28/06/2013,5.74
01/07/2013,5.77
02/07/2013,5.74
03/07/2013,5.76
04/07/2013,5.76
05/07/2013,5.72
08/07/2013,5.72
09/07/2013,5.72
10/07/2013,5.72
11/07/2013,5.71
12/07/2013,5.72
15/07/2013,5.69
16/07/2013,5.69
17/07/2013,5.66
18/07/2013,5.66
19/07/2013,5.66
22/07/2013,5.66
23/07/2013,5.67
24/07/2013,5.66
25/07/2013,5.67
26/07/2013,5.66
29/07/2013,5.66
30/07/2013,5.66
31/07/2013,5.66
01/08/2013,5.65
02/08/2013,5.66
05/08/2013,5.67
06/08/2013,5.66
07/08/2013,5.97
08/08/2013,5.97
09/08/2013,5.97
12/08/2013,5.96
13/08/2013,5.96
14/08/2013,5.96
15/08/2013,5.96
16/08/2013,5.96
19/08/2013,5.96
20/08/2013,5.99
21/08/2013,6.00
22/08/2013,6.02
23/08/2013,6.03
26/08/2013,6.03
27/08/2013,6.03
28/08/2013,6.04
29/08/2013,6.05
30/08/2013,6.06
02/09/2013,6.06
03/09/2013,6.05
04/09/2013,6.07
05/09/2013,6.07
06/09/2013,6.10
09/09/2013,6.13
10/09/2013,6.13
11/09/2013,6.14
12/09/2013,6.14
13/09/2013,6.14
16/09/2013,6.15
17/09/2013,6.15
18/09/2013,6.17
19/09/2013,6.17
20/09/2013,6.16
23/09/2013,6.16
24/09/2013,6.16
25/09/2013,6.16
26/09/2013,6.15
27/09/2013,6.16
30/09/2013,6.16
01/10/2013,6.17
02/10/2013,6.17
03/10/2013,6.17
04/10/2013,6.16
07/10/2013,6.17
08/10/2013,6.17
09/10/2013,6.22
10/10/2013,6.22
11/10/2013,6.22
14/10/2013,6.23
15/10/2013,6.23
16/10/2013,6.22
17/10/2013,6.23
18/10/2013,6.24
21/10/2013,6.25
22/10/2013,6.24
23/10/2013,6.24
24/10/2013,6.25
25/10/2013,6.25
28/10/2013,6.25
29/10/2013,6.25
30/10/2013,6.25
31/10/2013,6.25
01/11/2013,6.25
04/11/2013,6.25
05/11/2013,6.25
06/11/2013,6.25
07/11/2013,6.17
08/11/2013,6.16
11/11/2013,6.17
12/11/2013,6.17
13/11/2013,6.16
14/11/2013,6.16
18/11/2013,6.16
19/11/2013,6.15
20/11/2013,6.15
21/11/2013,6.15
22/11/2013,6.16
25/11/2013,6.15
26/11/2013,6.15
27/11/2013,6.15
28/11/2013,6.15
29/11/2013,6.14
02/12/2013,6.14
03/12/2013,6.13
04/12/2013,6.14
05/12/2013,6.14
06/12/2013,6.07
09/12/2013,6.07
10/12/2013,6.08
11/12/2013,6.08
12/12/2013,6.09
13/12/2013,6.08
16/12/2013,6.09
17/12/2013,6.08
18/12/2013,6.09
19/12/2013,6.10
20/12/2013,6.10
23/12/2013,6.10
24/12/2013,6.10
26/12/2013,6.11
27/12/2013,6.11
30/12/2013,6.11
31/12/2013,6.11
02/01/2014,6.11
03/01/2014,6.12
06/01/2014,6.13
07/01/2014,6.13
08/01/2014,6.13
09/01/2014,6.13
10/01/2014,5.97
13/01/2014,5.99
14/01/2014,5.99
15/01/2014,5.99
16/01/2014,6.00
17/01/2014,6.00
20/01/2014,6.00
21/01/2014,6.00
22/01/2014,6.03
23/01/2014,6.03
24/01/2014,6.03
27/01/2014,6.03
28/01/2014,6.02
29/01/2014,6.02
30/01/2014,6.02
31/01/2014,6.02
03/02/2014,6.02
04/02/2014,6.01
05/02/2014,6.02
06/02/2014,6.02
07/02/2014,6.03
10/02/2014,6.04
11/02/2014,6.05
12/02/2014,6.04
13/02/2014,6.04
14/02/2014,6.07
17/02/2014,6.08
18/02/2014,6.09
19/02/2014,6.11
20/02/2014,6.14
21/02/2014,6.15
24/02/2014,6.16
25/02/2014,6.16
26/02/2014,6.16
27/02/2014,6.17
28/02/2014,6.17
05/03/2014,6.18
06/03/2014,6.18
07/03/2014,6.18
10/03/2014,6.20
11/03/2014,6.21
12/03/2014,6.21
13/03/2014,6.22
14/03/2014,6.23
17/03/2014,6.25
18/03/2014,6.29
19/03/2014,6.30
20/03/2014,6.37
21/03/2014,6.38
24/03/2014,6.39
25/03/2014,6.40
26/03/2014,6.40
27/03/2014,6.42
28/03/2014,6.42
31/03/2014,6.42
01/04/2014,6.42
02/04/2014,6.43
03/04/2014,6.44
04/04/2014,6.45
07/04/2014,6.47
08/04/2014,6.47
09/04/2014,6.13
10/04/2014,6.13
11/04/2014,6.15
14/04/2014,6.15
15/04/2014,6.17
16/04/2014,6.21
17/04/2014,6.20
22/04/2014,6.20
23/04/2014,6.21
24/04/2014,6.21
25/04/2014,6.21
28/04/2014,6.21
29/04/2014,6.22
30/04/2014,6.22
02/05/2014,6.22
05/05/2014,6.22
06/05/2014,6.22
07/05/2014,6.22
08/05/2014,6.23
09/05/2014,5.97
12/05/2014,5.97
13/05/2014,5.98
14/05/2014,5.99
15/05/2014,5.98
16/05/2014,5.99
19/05/2014,5.99
20/05/2014,6.01
21/05/2014,6.02
22/05/2014,6.02
23/05/2014,6.02
26/05/2014,6.03
27/05/2014,6.03
28/05/2014,6.03
29/05/2014,6.03
30/05/2014,6.03
02/06/2014,6.00
03/06/2014,6.00
04/06/2014,6.00
05/06/2014,6.00
06/06/2014,6.01
09/06/2014,6.01
10/06/2014,6.00
11/06/2014,6.01
12/06/2014,6.01
13/06/2014,6.00
16/06/2014,5.99
17/06/2014,5.99
18/06/2014,5.99
20/06/2014,5.99
23/06/2014,6.00
24/06/2014,6.01
25/06/2014,6.01
26/06/2014,6.01
27/06/2014,6.01
30/06/2014,6.01
01/07/2014,6.02
02/07/2014,6.01
03/07/2014,6.02
04/07/2014,6.02
07/07/2014,6.04
08/07/2014,5.98
09/07/2014,5.98
10/07/2014,5.98
11/07/2014,5.98
14/07/2014,5.98
15/07/2014,6.00
16/07/2014,6.00
17/07/2014,5.99
18/07/2014,5.96
21/07/2014,5.95
22/07/2014,5.95
23/07/2014,5.94
24/07/2014,5.94
25/07/2014,5.94
28/07/2014,5.95
29/07/2014,5.95
30/07/2014,5.94
31/07/2014,5.95
01/08/2014,5.95
04/08/2014,5.94
05/08/2014,5.94
06/08/2014,5.94
07/08/2014,5.95
08/08/2014,6.18
11/08/2014,6.18
12/08/2014,6.18
13/08/2014,6.17
14/08/2014,6.18
15/08/2014,6.17
18/08/2014,6.14
19/08/2014,6.13
20/08/2014,6.13
21/08/2014,6.13
22/08/2014,6.14
25/08/2014,6.15
26/08/2014,6.15
27/08/2014,6.15
28/08/2014,6.15
29/08/2014,6.15
01/09/2014,6.15
02/09/2014,6.14
03/09/2014,6.14
04/09/2014,6.14
05/09/2014,6.26
08/09/2014,6.27
09/09/2014,6.27
10/09/2014,6.27
11/09/2014,6.27
12/09/2014,6.26
15/09/2014,6.27
16/09/2014,6.27
17/09/2014,6.27
18/09/2014,6.30
19/09/2014,6.31
22/09/2014,6.32
23/09/2014,6.32
24/09/2014,6.32
25/09/2014,6.32
26/09/2014,6.32
29/09/2014,6.33
30/09/2014,6.33
01/10/2014,6.34
02/10/2014,6.35
03/10/2014,6.35
06/10/2014,6.36
07/10/2014,6.36
08/10/2014,6.36
09/10/2014,6.36
10/10/2014,6.36
13/10/2014,6.36
14/10/2014,6.36
15/10/2014,6.36
16/10/2014,6.36
17/10/2014,6.36
20/10/2014,6.39
21/10/2014,6.38
22/10/2014,6.38
23/10/2014,6.38
24/10/2014,6.38
27/10/2014,6.40
28/10/2014,6.40
29/10/2014,6.41
30/10/2014,6.41
31/10/2014,6.41
03/11/2014,6.41
04/11/2014,6.41
05/11/2014,6.41
06/11/2014,6.41
07/11/2014,6.46
10/11/2014,6.48
11/11/2014,6.47
12/11/2014,6.47
13/11/2014,6.47
14/11/2014,6.48
17/11/2014,6.50
18/11/2014,6.55
19/11/2014,6.54
20/11/2014,6.54
21/11/2014,6.55
24/11/2014,6.54
25/11/2014,6.54
26/11/2014,6.55
27/11/2014,6.55
28/11/2014,6.56
01/12/2014,6.56
02/12/2014,6.57
03/12/2014,6.57
04/12/2014,6.58
05/12/2014,6.61
08/12/2014,6.65
09/12/2014,6.65
10/12/2014,6.65
11/12/2014,6.66
12/12/2014,6.66
15/12/2014,6.68
16/12/2014,6.68
17/12/2014,6.69
18/12/2014,6.72
19/12/2014,6.72
22/12/2014,6.72
23/12/2014,6.72
24/12/2014,6.72
26/12/2014,6.72
29/12/2014,6.73
30/12/2014,6.73
31/12/2014,6.73
02/01/2015,6.74
05/01/2015,6.75
06/01/2015,6.76
07/01/2015,6.77
08/01/2015,6.77
09/01/2015,6.63
12/01/2015,6.65
13/01/2015,6.66
14/01/2015,6.66
15/01/2015,6.68
16/01/2015,6.70
19/01/2015,6.72
20/01/2015,6.74
21/01/2015,6.80
22/01/2015,6.93
23/01/2015,6.95
26/01/2015,6.96
27/01/2015,6.96
28/01/2015,6.96
29/01/2015,6.96
30/01/2015,6.97
02/02/2015,6.97
03/02/2015,6.98
04/02/2015,6.99
05/02/2015,7.01
06/02/2015,6.55
09/02/2015,6.59
10/02/2015,6.60
11/02/2015,6.62
12/02/2015,6.67
13/02/2015,6.71
18/02/2015,6.72
19/02/2015,6.75
20/02/2015,6.75
23/02/2015,6.86
24/02/2015,6.87
25/02/2015,6.88
26/02/2015,6.88
27/02/2015,6.88
02/03/2015,6.92
03/03/2015,6.94
04/03/2015,6.96
05/03/2015,6.98
06/03/2015,6.59
09/03/2015,6.63
10/03/2015,6.66
11/03/2015,6.67
12/03/2015,6.70
13/03/2015,6.76
16/03/2015,6.78
17/03/2015,6.78
18/03/2015,6.86
19/03/2015,6.95
20/03/2015,6.95
23/03/2015,6.99
24/03/2015,6.99
25/03/2015,6.98
26/03/2015,6.99
27/03/2015,6.99
30/03/2015,7.01
31/03/2015,7.01
01/04/2015,7.01
02/04/2015,7.01
06/04/2015,7.01
07/04/2015,7.01
08/04/2015,6.09
09/04/2015,6.09
10/04/2015,6.09
13/04/2015,6.10
14/04/2015,6.10
15/04/2015,6.10
16/04/2015,6.13
17/04/2015,6.14
20/04/2015,6.15
22/04/2015,6.16
23/04/2015,6.16
24/04/2015,6.16
27/04/2015,6.17
28/04/2015,6.17
29/04/2015,6.17
30/04/2015,6.17
04/05/2015,6.18
05/05/2015,6.19
06/05/2015,6.19
07/05/2015,6.20
08/05/2015,6.01
11/05/2015,6.01
12/05/2015,6.02
13/05/2015,6.02
14/05/2015,6.03
15/05/2015,6.04
18/05/2015,6.06
19/05/2015,6.05
20/05/2015,6.06
21/05/2015,6.08
22/05/2015,6.08
25/05/2015,6.09
26/05/2015,6.09
27/05/2015,6.10
28/05/2015,6.11
29/05/2015,6.11
01/06/2015,6.12
02/06/2015,6.12
03/06/2015,6.14
05/06/2015,6.16
08/06/2015,6.18
09/06/2015,6.20
10/06/2015,6.04
11/06/2015,6.08
12/06/2015,6.12
15/06/2015,6.16
16/06/2015,6.17
17/06/2015,6.19
18/06/2015,6.30
19/06/2015,6.34
22/06/2015,6.36
23/06/2015,6.36
24/06/2015,6.37
25/06/2015,6.37
26/06/2015,6.38
29/06/2015,6.37
30/06/2015,6.38
01/07/2015,6.39
02/07/2015,6.40
03/07/2015,6.42
06/07/2015,6.42
07/07/2015,6.41
08/07/2015,5.87
09/07/2015,5.88
10/07/2015,5.89
13/07/2015,5.90
14/07/2015,5.92
15/07/2015,5.91
16/07/2015,5.92
17/07/2015,5.92
20/07/2015,5.94
21/07/2015,5.96
22/07/2015,5.96
23/07/2015,5.97
24/07/2015,5.97
27/07/2015,5.99
28/07/2015,5.99
29/07/2015,5.98
30/07/2015,5.98
31/07/2015,5.98
03/08/2015,5.99
04/08/2015,6.00
05/08/2015,6.01
06/08/2015,6.01
07/08/2015,5.64
10/08/2015,5.65
11/08/2015,5.65
12/08/2015,5.67
13/08/2015,5.69
14/08/2015,5.69
17/08/2015,5.69
18/08/2015,5.69
19/08/2015,5.69
20/08/2015,5.67
21/08/2015,5.66
24/08/2015,5.66
25/08/2015,5.66
26/08/2015,5.66
27/08/2015,5.66
28/08/2015,5.66
31/08/2015,5.66
01/09/2015,5.66
02/09/2015,5.67
03/09/2015,5.68
04/09/2015,5.68
08/09/2015,5.71
09/09/2015,5.73
10/09/2015,5.75
11/09/2015,5.76
14/09/2015,5.78
15/09/2015,5.79
16/09/2015,5.82
17/09/2015,5.85
18/09/2015,5.88
21/09/2015,6.07
22/09/2015,6.07
23/09/2015,6.08
24/09/2015,6.08
25/09/2015,6.10
28/09/2015,6.11
29/09/2015,6.11
30/09/2015,6.15
01/10/2015,6.20
02/10/2015,6.25
05/10/2015,6.30
06/10/2015,6.30
07/10/2015,6.25
08/10/2015,6.31
09/10/2015,6.33
13/10/2015,6.35
14/10/2015,6.36
15/10/2015,6.37
16/10/2015,6.38
19/10/2015,6.42
20/10/2015,6.59
21/10/2015,6.60
22/10/2015,6.61
23/10/2015,6.63
26/10/2015,6.64
27/10/2015,6.65
28/10/2015,6.65
29/10/2015,6.67
30/10/2015,6.72
03/11/2015,6.75
04/11/2015,6.77
05/11/2015,6.80
06/11/2015,6.58
09/11/2015,6.61
10/11/2015,6.62
11/11/2015,6.63
12/11/2015,6.64
13/11/2015,6.71
16/11/2015,6.81
17/11/2015,6.86
18/11/2015,7.06
19/11/2015,7.10
20/11/2015,7.11
23/11/2015,7.12
24/11/2015,7.14
25/11/2015,7.14
26/11/2015,7.15
27/11/2015,7.15
30/11/2015,7.16
01/12/2015,7.18
02/12/2015,7.18
03/12/2015,7.19
04/12/2015,7.20
07/12/2015,7.24
08/12/2015,7.25
09/12/2015,6.95
10/12/2015,6.96
11/12/2015,6.99
14/12/2015,7.00
15/12/2015,7.00
16/12/2015,7.02
17/12/2015,7.12
18/12/2015,7.12
21/12/2015,7.13
22/12/2015,7.13
23/12/2015,7.13
24/12/2015,7.13
28/12/2015,7.15
29/12/2015,7.16
30/12/2015,7.17
31/12/2015,7.19
04/01/2016,7.21
05/01/2016,7.21
06/01/2016,7.21
07/01/2016,7.22
08/01/2016,6.91
11/01/2016,6.97
12/01/2016,6.98
13/01/2016,6.99
14/01/2016,7.00
15/01/2016,7.02
18/01/2016,7.08
19/01/2016,7.09
20/01/2016,7.11
21/01/2016,7.24
22/01/2016,7.28
25/01/2016,7.28
26/01/2016,7.28
27/01/2016,7.27
28/01/2016,7.27
29/01/2016,7.29
01/02/2016,7.33
02/02/2016,7.32
03/02/2016,7.33
04/02/2016,7.33
05/02/2016,6.94
10/02/2016,6.95
11/02/2016,6.99
12/02/2016,6.97
15/02/2016,6.98
16/02/2016,6.99
17/02/2016,7.00
18/02/2016,6.98
19/02/2016,6.99
22/02/2016,6.97
23/02/2016,6.98
24/02/2016,6.99
25/02/2016,6.99
26/02/2016,6.99
29/02/2016,7.01
01/03/2016,7.01
02/03/2016,7.01
03/03/2016,7.01
04/03/2016,7.02
07/03/2016,7.03
08/03/2016,7.03
09/03/2016,6.68
10/03/2016,6.67
11/03/2016,6.67
14/03/2016,6.69
15/03/2016,6.69
16/03/2016,6.69
17/03/2016,6.68
18/03/2016,6.66
21/03/2016,6.64
22/03/2016,6.60
23/03/2016,6.58
24/03/2016,6.56
28/03/2016,6.54
29/03/2016,6.53
30/03/2016,6.53
31/03/2016,6.52
01/04/2016,6.52
04/04/2016,6.52
05/04/2016,6.52
06/04/2016,6.48
07/04/2016,6.48
08/04/2016,6.45
11/04/2016,6.44
12/04/2016,6.44
13/04/2016,6.44
14/04/2016,6.44
15/04/2016,6.41
18/04/2016,6.40
19/04/2016,6.25
20/04/2016,6.23
22/04/2016,6.23
25/04/2016,6.22
26/04/2016,6.22
27/04/2016,6.21
28/04/2016,6.20
29/04/2016,6.21
02/05/2016,6.20
03/05/2016,6.19
04/05/2016,6.19
05/05/2016,6.19
06/05/2016,6.16
09/05/2016,6.14
10/05/2016,6.15
11/05/2016,6.14
12/05/2016,6.13
13/05/2016,6.13
16/05/2016,6.11
17/05/2016,6.13
18/05/2016,6.12
19/05/2016,6.10
20/05/2016,6.12
23/05/2016,6.11
24/05/2016,6.13
25/05/2016,6.13
27/05/2016,6.14
30/05/2016,6.16
31/05/2016,6.17
01/06/2016,6.19
02/06/2016,6.20
03/06/2016,6.21
06/06/2016,6.22
07/06/2016,6.23
08/06/2016,5.92
09/06/2016,5.92
10/06/2016,5.92
13/06/2016,5.93
14/06/2016,5.93
15/06/2016,5.92
16/06/2016,5.94
17/06/2016,5.95
20/06/2016,6.01
21/06/2016,6.01
22/06/2016,6.01
23/06/2016,6.01
24/06/2016,6.01
27/06/2016,6.01
28/06/2016,6.00
29/06/2016,6.02
30/06/2016,6.01
01/07/2016,6.00
04/07/2016,5.98
05/07/2016,5.98
06/07/2016,5.97
07/07/2016,5.97
08/07/2016,5.84
11/07/2016,5.85
12/07/2016,5.85
13/07/2016,5.85
14/07/2016,5.85
15/07/2016,5.83
18/07/2016,5.80
19/07/2016,5.79
20/07/2016,5.73
21/07/2016,5.74
22/07/2016,5.73
25/07/2016,5.73
26/07/2016,5.73
27/07/2016,5.73
28/07/2016,5.72
29/07/2016,5.70
01/08/2016,5.66
02/08/2016,5.66
03/08/2016,5.66
04/08/2016,5.65
05/08/2016,5.65
08/08/2016,5.65
09/08/2016,5.64
10/08/2016,5.42
11/08/2016,5.43
12/08/2016,5.43
15/08/2016,5.42
16/08/2016,5.40
17/08/2016,5.41
18/08/2016,5.40
19/08/2016,5.40
22/08/2016,5.43
23/08/2016,5.45
24/08/2016,5.45
25/08/2016,5.45
26/08/2016,5.45
29/08/2016,5.45
30/08/2016,5.44
31/08/2016,5.44
01/09/2016,5.46
02/09/2016,5.46
05/09/2016,5.46
06/09/2016,5.45
08/09/2016,5.46
09/09/2016,5.26
12/09/2016,5.24
13/09/2016,5.24
14/09/2016,5.24
15/09/2016,5.24
16/09/2016,5.23
19/09/2016,5.19
20/09/2016,5.18
21/09/2016,5.14
22/09/2016,5.11
23/09/2016,5.10
26/09/2016,5.09
27/09/2016,5.08
28/09/2016,5.08
29/09/2016,5.07
30/09/2016,5.07
03/10/2016,5.06
04/10/2016,5.05
05/10/2016,5.05
06/10/2016,5.04
07/10/2016,5.13
10/10/2016,5.12
11/10/2016,5.11
13/10/2016,5.11
14/10/2016,5.06
17/10/2016,5.04
18/10/2016,5.02
19/10/2016,5.01
20/10/2016,4.94
21/10/2016,4.93
24/10/2016,4.89
25/10/2016,4.87
26/10/2016,4.88
27/10/2016,4.88
28/10/2016,4.88
31/10/2016,4.87
01/11/2016,4.86
03/11/2016,4.85
04/11/2016,4.85
07/11/2016,4.85
08/11/2016,4.85
09/11/2016,4.95
10/11/2016,4.95
11/11/2016,4.95
14/11/2016,4.94
16/11/2016,4.94
17/11/2016,4.93
18/11/2016,4.92
21/11/2016,4.91
22/11/2016,4.87
23/11/2016,4.86
24/11/2016,4.86
25/11/2016,4.83
28/11/2016,4.81
29/11/2016,4.81
30/11/2016,4.80
01/12/2016,4.80
02/12/2016,4.78
05/12/2016,4.77
06/12/2016,4.78
07/12/2016,4.77
08/12/2016,4.76
09/12/2016,4.88
12/12/2016,4.87
13/12/2016,4.86
14/12/2016,4.85
15/12/2016,4.84
16/12/2016,4.83
19/12/2016,4.82
20/12/2016,4.75
21/12/2016,4.74
22/12/2016,4.72
23/12/2016,4.71
26/12/2016,4.71
27/12/2016,4.70
28/12/2016,4.70
29/12/2016,4.69
30/12/2016,4.69
02/01/2017,4.68
03/01/2017,4.68
04/01/2017,4.68
05/01/2017,4.68
06/01/2017,4.69
09/01/2017,4.67
10/01/2017,4.67
11/01/2017,4.83
12/01/2017,4.82
13/01/2017,4.81
16/01/2017,4.81
17/01/2017,4.80
18/01/2017,4.77
19/01/2017,4.75
20/01/2017,4.75
23/01/2017,4.74
24/01/2017,4.74
25/01/2017,4.74
26/01/2017,4.74
27/01/2017,4.73
30/01/2017,4.72
31/01/2017,4.71
01/02/2017,4.70
02/02/2017,4.68
03/02/2017,4.66
06/02/2017,4.66
07/02/2017,4.66
08/02/2017,4.72
09/02/2017,4.70
10/02/2017,4.69
13/02/2017,4.66
14/02/2017,4.64
15/02/2017,4.63
16/02/2017,4.62
17/02/2017,4.60
20/02/2017,4.55
21/02/2017,4.52
22/02/2017,4.53
23/02/2017,4.53
24/02/2017,4.53
01/03/2017,4.53
02/03/2017,4.52
03/03/2017,4.52
06/03/2017,4.51
07/03/2017,4.51
08/03/2017,4.50
09/03/2017,4.50
10/03/2017,4.56
13/03/2017,4.56
14/03/2017,4.55
15/03/2017,4.54
16/03/2017,4.54
17/03/2017,4.54
20/03/2017,4.51
21/03/2017,4.46
22/03/2017,4.47
23/03/2017,4.46
24/03/2017,4.46
27/03/2017,4.46
28/03/2017,4.47
29/03/2017,4.46
30/03/2017,4.46
31/03/2017,4.45
03/04/2017,4.45
04/04/2017,4.44
05/04/2017,4.44
06/04/2017,4.44
07/04/2017,4.57
10/04/2017,4.56
11/04/2017,4.56
12/04/2017,4.56
13/04/2017,4.53
17/04/2017,4.54
18/04/2017,4.53
19/04/2017,4.48
20/04/2017,4.48
24/04/2017,4.47
25/04/2017,4.47
26/04/2017,4.46
27/04/2017,4.46
28/04/2017,4.45
02/05/2017,4.46
03/05/2017,4.47
04/05/2017,4.46
05/05/2017,4.45
08/05/2017,4.45
09/05/2017,4.44
10/05/2017,4.66
11/05/2017,4.66
12/05/2017,4.67
15/05/2017,4.66
16/05/2017,4.66
17/05/2017,4.66
18/05/2017,4.66
19/05/2017,4.66
22/05/2017,4.70
23/05/2017,4.71
24/05/2017,4.70
25/05/2017,4.70
26/05/2017,4.68
29/05/2017,4.67
30/05/2017,4.66
31/05/2017,4.64
01/06/2017,4.64
02/06/2017,4.62
05/06/2017,4.60
06/06/2017,4.59
07/06/2017,4.60
08/06/2017,4.59
09/06/2017,4.45
12/06/2017,4.42
13/06/2017,4.41
14/06/2017,4.38
16/06/2017,4.34
19/06/2017,4.33
20/06/2017,4.31
21/06/2017,4.26
22/06/2017,4.16
23/06/2017,4.15
26/06/2017,4.13
27/06/2017,4.13
28/06/2017,4.13
29/06/2017,4.13
30/06/2017,4.12
03/07/2017,4.09
04/07/2017,4.09
05/07/2017,4.09
06/07/2017,4.09
07/07/2017,4.46
10/07/2017,4.43
11/07/2017,4.41
12/07/2017,4.40
13/07/2017,4.37
14/07/2017,4.36
17/07/2017,4.36
18/07/2017,4.35
19/07/2017,4.34
20/07/2017,4.34
21/07/2017,4.40
24/07/2017,4.42
25/07/2017,4.43
26/07/2017,4.42
27/07/2017,4.43
28/07/2017,4.45
31/07/2017,4.47
01/08/2017,4.48
02/08/2017,4.50
03/08/2017,4.51
04/08/2017,4.49
07/08/2017,4.50
08/08/2017,4.50
09/08/2017,4.51
10/08/2017,4.52
11/08/2017,4.51
14/08/2017,4.53
15/08/2017,4.52
16/08/2017,4.52
17/08/2017,4.51
18/08/2017,4.51
21/08/2017,4.53
22/08/2017,4.49
23/08/2017,4.48
24/08/2017,4.47
25/08/2017,4.44
28/08/2017,4.43
29/08/2017,4.41
30/08/2017,4.39
31/08/2017,4.37
01/09/2017,4.37
04/09/2017,4.36
05/09/2017,4.36
06/09/2017,4.17
08/09/2017,4.13
11/09/2017,4.11
12/09/2017,4.10
13/09/2017,4.09
14/09/2017,4.07
15/09/2017,4.05
18/09/2017,4.03
19/09/2017,4.00
20/09/2017,3.92
21/09/2017,3.91
22/09/2017,3.91
25/09/2017,3.89
26/09/2017,3.89
27/09/2017,3.89
28/09/2017,3.89
29/09/2017,3.89
02/10/2017,3.89
03/10/2017,3.89
04/10/2017,3.89
05/10/2017,3.89
06/10/2017,4.04
09/10/2017,4.04
10/10/2017,4.06
11/10/2017,4.07
13/10/2017,4.06
16/10/2017,4.08
17/10/2017,4.10
18/10/2017,4.11
19/10/2017,4.12
20/10/2017,4.11
23/10/2017,4.11
24/10/2017,4.11
25/10/2017,4.11
26/10/2017,4.12
27/10/2017,4.13
30/10/2017,4.13
31/10/2017,4.14
01/11/2017,4.14
03/11/2017,4.15
06/11/2017,4.16
07/11/2017,4.16
08/11/2017,4.16
09/11/2017,4.17
10/11/2017,4.05
13/11/2017,4.06
14/11/2017,4.06
16/11/2017,4.06
17/11/2017,4.06
20/11/2017,4.09
21/11/2017,4.09
22/11/2017,4.06
23/11/2017,4.05
24/11/2017,4.05
27/11/2017,4.04
28/11/2017,4.01
29/11/2017,4.00
30/11/2017,3.99
01/12/2017,3.99
04/12/2017,3.97
05/12/2017,3.97
06/12/2017,3.96
07/12/2017,3.94
08/12/2017,3.93
11/12/2017,3.91
12/12/2017,3.90
13/12/2017,3.90
14/12/2017,3.89
15/12/2017,3.88
18/12/2017,3.87
19/12/2017,3.85
20/12/2017,3.80
21/12/2017,3.80
22/12/2017,3.80
26/12/2017,3.80
27/12/2017,3.80
28/12/2017,3.80
29/12/2017,3.80
02/01/2018,3.79
03/01/2018,3.78
04/01/2018,3.78
05/01/2018,3.78
08/01/2018,3.77
09/01/2018,3.77
10/01/2018,3.96
11/01/2018,3.95
12/01/2018,3.96
15/01/2018,3.96
16/01/2018,3.96
17/01/2018,3.96
18/01/2018,3.97
19/01/2018,3.97
22/01/2018,3.97
23/01/2018,3.97
24/01/2018,3.97
25/01/2018,3.97
26/01/2018,3.98
29/01/2018,3.98
30/01/2018,3.98
31/01/2018,3.98
01/02/2018,3.98
02/02/2018,3.97
05/02/2018,3.97
06/02/2018,3.97
07/02/2018,3.97
08/02/2018,4.04
09/02/2018,4.03
14/02/2018,4.04
15/02/2018,4.03
16/02/2018,4.00
19/02/2018,3.99
20/02/2018,3.99
21/02/2018,3.98
22/02/2018,3.94
23/02/2018,3.94
26/02/2018,3.93
27/02/2018,3.93
28/02/2018,3.92
01/03/2018,3.92
02/03/2018,3.91
05/03/2018,3.89
06/03/2018,3.89
07/03/2018,3.88
08/03/2018,3.86
09/03/2018,3.96
12/03/2018,3.95
13/03/2018,3.95
14/03/2018,3.94
15/03/2018,3.94
16/03/2018,3.93
19/03/2018,3.93
20/03/2018,3.93
21/03/2018,3.92
22/03/2018,3.89
23/03/2018,3.88
26/03/2018,3.88
27/03/2018,3.88
28/03/2018,3.87
29/03/2018,3.86
02/04/2018,3.85
03/04/2018,3.86
04/04/2018,3.86
05/04/2018,3.86
06/04/2018,3.86
09/04/2018,3.85
10/04/2018,4.05
11/04/2018,4.05
12/04/2018,4.04
13/04/2018,4.03
16/04/2018,4.03
17/04/2018,4.03
18/04/2018,4.03
19/04/2018,4.04
20/04/2018,4.05
23/04/2018,4.05
24/04/2018,4.05
25/04/2018,4.05
26/04/2018,4.05
27/04/2018,4.06
30/04/2018,4.07
02/05/2018,4.07
03/05/2018,4.07
04/05/2018,4.06
07/05/2018,4.06
08/05/2018,4.07
09/05/2018,4.08
10/05/2018,4.17
11/05/2018,4.18
14/05/2018,4.18
15/05/2018,4.18
16/05/2018,4.18
17/05/2018,4.19
18/05/2018,4.21
21/05/2018,4.24
22/05/2018,4.32
23/05/2018,4.30
24/05/2018,4.30
25/05/2018,4.31
28/05/2018,4.33
29/05/2018,4.34
30/05/2018,4.35
01/06/2018,4.38
04/06/2018,4.38
05/06/2018,4.39
06/06/2018,4.40
07/06/2018,4.42
08/06/2018,4.49
11/06/2018,4.50
12/06/2018,4.50
13/06/2018,4.50
14/06/2018,4.51
15/06/2018,4.54
18/06/2018,4.56
19/06/2018,4.60
20/06/2018,4.70
21/06/2018,4.70
22/06/2018,4.73
25/06/2018,4.74
26/06/2018,4.75
27/06/2018,4.75
28/06/2018,4.75
29/06/2018,4.77
02/07/2018,4.77
03/07/2018,4.78
04/07/2018,4.80
05/07/2018,4.79
06/07/2018,3.87
09/07/2018,3.88
10/07/2018,3.87
11/07/2018,3.88
12/07/2018,3.87
13/07/2018,3.85
16/07/2018,3.82
17/07/2018,3.81
18/07/2018,3.82
19/07/2018,3.78
20/07/2018,3.77
